1,0.974295980450459
1,0.994373059081856
1,0.936271189605427
1,0.878676814599394
1,-0.0454935707638578
1,-0.0251175888866022
1,0.117284243240989
1,0.373445888198631
0.999999999999999,-0.0560678827485953
1,0.616584815378331
1,0.219514632413183
1,0.181331111846391
1,-0.0212225000694358
1,0.911444736071319
1,0.244854840345948
1,0.706566957311089
1,0.413457097167797
1,0.330467185448657
1,0.993629729388807
1,0.589528452198312
-1,-0.704937501125647
-1,-0.722226158057694
-1,-0.705550799541521
-1,-0.82366413800649
-1,-0.869192242657267
-1,-0.809855005129023
-1,-0.848685249581177
-1,-0.780565933813046
-1,-0.719994823201038
-1,-0.739227850696097
-1,-0.797356827969683
-1,-0.688971359926931
-1,-0.813575776377219
-1,-0.730598129549778
-1,-0.826279685386607
-1,-0.88054553106581
-1,-0.812152848765873
-1,-0.870484729045132
-1,-0.744972983145233
-1,-0.962516285835234
-1,-0.836546700790943
0.999999999999999,0.944949521292045
1,0.991338260138972
0.999999999999999,0.963639846657595
1,-0.269362672021849
1,-0.249672601594115
1,-0.109447403211025
1,0.154873085042871
0.999999999999999,-0.279544059286062
1,0.423382284455535
1,-0.00590492866417381
1,-0.0448670029916612
0.999999999999999,-0.245897968346364
1,0.795335088063231
1,0.0201467059315743
1,0.528992679728803
1,0.197714380879044
1,0.109357474130774
1,0.942702658298295
1,0.392412517144762
-1,-0.527039438570394
-0.999999999999999,-0.547851293678313
-1,-0.527774406555929
-1,-0.674746043172879
-1,-0.735459435357894
-1,-0.656887312268132
-0.999999999999999,-0.707724817630531
-1,-0.619690887095726
-1,-0.54515412973524
-1,-0.568516273771846
-1,-0.640908240331349
-1,-0.507987668367281
-1,-0.661677368395869
-1,-0.558001561094406
-1,-0.678154423103959
-1,-0.751141839568241
-1,-0.659843665670588
-1,-0.737232068410131
-1,-0.575546634725513
-1,-0.876676679011559
-1,-0.691618704417262
0.999999999999999,0.893790216098842
0.999999999999999,0.823157386061805
1,0.0605877142296475
1,0.0809253012929991
0.999999999999999,0.22182814661526
1,0.469615319938268
1,0.0500159449515769
0.999999999999999,0.696516717136668
1,0.321630575618034
1,0.284489570091645
1,0.0848080358271332
1,0.949900126026283
0.999999999999999,0.346187346443876
1,0.777555630062248
1,0.507586895374456
1,0.428590949459322
0.999999999999999,0.999976880838273
1,0.671779935162095
-0.999999999999999,-0.776107299916917
-0.999999999999999,-0.791432900366326
-1,-0.776652518508995
-1,-0.879102816938433
-0.999999999999999,-0.91668347418548
-0.999999999999999,-0.86744264474853
-0.999999999999999,-0.899938570650507
-1,-0.842390877459521
-1,-0.789460150295766
-1,-0.8064107423341
-0.999999999999999,-0.85680277041079
-0.999999999999999,-0.761875018913602
-1,-0.870594669141813
-0.999999999999999,-0.798820316489953
-0.999999999999999,-0.881299198684045
-1,-0.925799861212222
-1,-0.869390116531079
-1,-0.917727273990109
-1,-0.811449719248242
-1,-0.985832360331304
-1,-0.889880812560507
1,0.99038591663144
1,-0.393508654745659
1,-0.374684085205333
1,-0.239043794330475
1,0.0237828643212665
1,-0.403220205872477
1,0.300733443234635
1,-0.13718486166413
1,-0.175679489558155
1,-0.371068936963767
1,0.708835750625577
1,-0.111334513108041
1,0.412957719760476
1,0.0672610245495798
1,-0.0221354478374568
1,0.890719925403943
0.999999999999999,0.268214509579346
-1,-0.410861900658385
-1,-0.433235638071241
-1,-0.411650422063883
-1,-0.571970977250646
-1,-0.640101689168761
-1,-0.552173639955105
-1,-0.608809212903969
-1,-0.511246819283379
-1,-0.430330676164504
-1,-0.455547645676795
-1,-0.534543066898527
-1,-0.390461729864003
-1,-0.55747381768059
-1,-0.444182626533628
-1,-0.575760979860834
-1,-0.65793712257475
-1,-0.555443995026672
-1,-0.642112329877897
-1,-0.463161046437374
-1,-0.805901271551159
-0.999999999999999,-0.590770874413508
1,-0.5168969098636
1,-0.499336686229953
0.999999999999999,-0.371067173523834
0.999999999999999,-0.114738636600659
1,-0.525931618615529
1,0.165913820355343
0.999999999999999,-0.272890068127753
1,-0.310171050740288
1,-0.495957260242331
1,0.604445222928029
0.999999999999999,-0.247736100179671
0.999999999999999,0.283001633570842
0.999999999999999,-0.0714043417667922
0.999999999999999,-0.160220719830288
1,0.819277317382392
1,0.132372487205345
-0.999999999999999,-0.280794908901882
-0.999999999999999,-0.304394533965478
-0.999999999999998,-0.281625062690049
-1,-0.453001895388894
-1,-0.527668595469203
-1,-0.431533596118132
-1,-0.493215005937079
-1,-0.387444453457814
-0.999999999999999,-0.301325132200479
-0.999999999999999,-0.328023268377638
-1,-0.412493866352873
-0.999999999999998,-0.259356728869598
-1,-0.437271767712949
-0.999999999999999,-0.315975581771473
-1,-0.457122842137818
-0.999999999999999,-0.547437600980002
-0.999999999999999,-0.435073407713034
-0.999999999999999,-0.529892252822507
-1,-0.336108123166631
-0.999999999999999,-0.716253829204919
-1,-0.473479467567316
1,0.999792150573364
1,0.986734485221618
1,0.909702116675436
1,0.999943947417175
1,0.758422710718178
1,0.964612588213724
1,0.974154496545181
1,0.99970512939551
1,0.369531674284768
1,0.957416576529345
1,0.674769264822128
1,0.890771234303209
1,0.927806150844583
1,0.0673736587756309
1,0.780091540824185
-1,-0.676464947295266
-0.999999999999999,-0.658084212345706
-1,-0.675827597638642
-1,-0.529019380622971
-1,-0.454419690159633
-1,-0.54917952266828
-1,-0.489740911903983
-1,-0.588915541159522
-1,-0.660505773945489
-1,-0.639128017616825
-1,-0.566608688872116
-1,-0.692694375303306
-1,-0.543844411806534
-1,-0.648863237827945
-1,-0.525086452821983
-1,-0.43341168246846
-1,-0.545892914286395
-1,-0.452084362859026
-1,-0.63251246686344
-1,-0.227154772403844
-1,-0.509270855976402
1,0.989839170637534
1,0.9179792340749
1,0.999520248945765
1,0.771552978744217
1,0.969787728214837
1,0.978557234106645
1,0.999992410066874
1,0.388399427296895
1,0.963103693311748
1,0.68967567507616
1,0.899851289140664
1,0.935219172079888
1,0.0877009654727256
1,0.792685236835295
-1,-0.691339324299953
-1,-0.673298184001452
-0.999999999999999,-0.690714032021048
-1,-0.546210569746481
-1,-0.472486293795234
-1,-0.566103412203878
-1,-0.507414446244122
-1,-0.605270311408204
-1,-0.675675951833004
-1,-0.654675312649909
-1,-0.583290065816612
-1,-0.707254598299332
-1,-0.560840393111634
-1,-0.66424142628365
-1,-0.542328187899
-1,-0.451694853951014
-1,-0.562861331583872
-0.999999999999999,-0.470175661666743
-1,-0.64817224567053
-1,-0.24696223330765
-1,-0.52671073115518
1,0.965048988763946
1,0.984960323367558
0.999999999999999,0.854170612341309
1,0.9946215380684
1,0.997902184051196
0.999999999999999,0.990385653934583
1,0.515481150890107
1,0.99158583764077
1,0.785631463990107
1,0.952731522693241
1,0.976062212776736
1,0.228453442892923
0.999999999999999,0.871315248580439
-0.999999999999999,-0.78705238486372
-1,-0.771589178620466
-1,-0.786518445462063
-1,-0.659767010645397
-1,-0.59300419615433
-1,-0.677564634482529
-0.999999999999999,-0.624785395222276
-1,-0.712307523838506
-1,-0.773633904322231
-1,-0.755507257127424
-1,-0.692860363934878
-0.999999999999999,-0.800591840243959
-1,-0.672865518118079
-0.999999999999999,-0.763782887278487
-0.999999999999999,-0.656282232606384
-1,-0.573964584705616
-1,-0.674670750219926
-1,-0.590892625470716
-1,-0.749864200306764
-0.999999999999999,-0.382240003691652
-1,-0.642228009537789
1,0.905254410409144
1,0.960590778363348
1,0.987002635693116
0.999999999999999,0.979990802355784
1,0.919517581634237
1,0.722032201745062
1,0.990854040029634
1,0.920313906807644
1,0.999052861155632
1,0.998945753588569
1,0.475607843047251
0.999999999999999,0.96946563575867
-1,-0.921211188690743
-1,-0.91132934491967
-1,-0.920874280384902
-1,-0.833644949213642
-0.999999999999999,-0.783296336426857
-1,-0.846625584014599
-1,-0.807571507578938
-1,-0.871349756519779
-1,-0.912650491857281
-1,-0.900793832761548
-1,-0.857615151572926
-1,-0.929645058944031
-1,-0.843218022663045
-0.999999999999999,-0.906246784354665
-1,-0.831080041342048
-1,-0.768507487728707
-1,-0.844528790180672
-1,-0.781664996180118
-1,-0.897038748149613
-1,-0.611049125546043
-1,-0.820661380237682
1,0.75147944715879
1,0.961766813780692
1,0.971708285793797
1,0.999391991345819
1,0.359672562718966
0.999999999999999,0.954306099459277
1,0.666917323491933
0.999999999999999,0.885909646480263
1,0.923804223036329
1,0.0568061155015807
1,0.773423379383176
-1,-0.668629363575245
-1,-0.650075282701904
-1,-0.667985856733155
-1,-0.520004796854342
-1,-0.444962714980141
-1,-0.540300448321084
-1,-0.480482275268938
-1,-0.58032550865492
-1,-0.652519190412563
-1,-0.630949093255391
-1,-0.55785269928398
-1,-0.685019278327378
-1,-0.534928773271936
-1,-0.640770538352419
-1,-0.516046264213813
-1,-0.423845683213441
-1,-0.536991254509111
-1,-0.442614945820047
-1,-0.624276211690039
-1,-0.216830995283788
-1,-0.500130361770841
1,0.903435288417191
1,0.886042910054799
1,0.774025702877233
1,0.885891201558425
1,0.914297006755763
1,0.992780159404313
1,0.971776118618445
1,0.946817688148836
1,0.70137977344081
1,0.99942468876384
-1,-0.99305341438517
-1,-0.989847260474872
-1,-0.992951255772773
-0.999999999999999,-0.954312733608696
-1,-0.925224672639221
-1,-0.961191421662305
-1,-0.939681933468365
-1,-0.973398237563258
-1,-0.990299895220082
-1,-0.986000357587612
-1,-0.966773133438216
-1,-0.995426973866707
-1,-0.959414371374151
-1,-0.988042365796381
-1,-0.952919659450898
-1,-0.916075490396105
-1,-0.96010043257211
-0.999999999999999,-0.92422745864212
-1,-0.984534958088975
-1,-0.807004374475376
-0.999999999999999,-0.947153913062832
1,0.999240488731145
0.999999999999999,0.970730829143069
1,0.601463058677194
1,0.999660638956525
0.999999999999999,0.845487927851006
0.999999999999999,0.979075092111885
1,0.993339408576057
1,0.328061669445132
1,0.917456128861076
-1,-0.846713879765743
-1,-0.833326126902804
-1,-0.846253307901472
-1,-0.734052788281217
-1,-0.673214107479045
-1,-0.750096747876038
-1,-0.702296822434827
-1,-0.781173061307453
-1,-0.835102124545257
-1,-0.819300625627412
-1,-0.763819600491865
-0.999999999999999,-0.858349693308398
-1,-0.74586844733962
-1,-0.826530471862523
-1,-0.730902170433912
-1,-0.655693898186086
-1,-0.747493482557555
-1,-0.671274524044661
-0.999999999999999,-0.814356140578273
-0.999999999999999,-0.475894934899996
-1,-0.718166259468185
1,0.979352312130347
1,0.569875289950365
1,0.997886285565312
1,0.824037477795134
1,0.970401667882954
1,0.988094952869742
1,0.291001855190706
1,0.901256702628875
-1,-0.825338330231792
-1,-0.811152831415338
-1,-0.824849573983767
-1,-0.70703291090011
-1,-0.643888562427118
-1,-0.72375691072738
-1,-0.67402325702709
-1,-0.7562519378459
-1,-0.813032174368753
-1,-0.796335938724723
-1,-0.738088854179324
-0.999999999999999,-0.837705036627602
-1,-0.719346136062502
-0.999999999999999,-0.803968366663111
-1,-0.703752593479055
-1,-0.625774580739157
-1,-0.721041018700064
-1,-0.641881822612445
-1,-0.791122388278787
-1,-0.441261717711795
-1,-0.690504611140514
1,0.391986726165325
0.999999999999999,0.964144950492986
1,0.692491698032249
0.999999999999999,0.901543937670347
1,0.936591573097194
1,0.0915814148435901
1,0.795054420953111
-1,-0.694149146914897
-0.999999999999999,-0.676173757528325
-1,-0.693526188413545
-1,-0.549470006992811
-1,-0.475916512848557
-1,-0.569310826698607
-1,-0.510767896316298
-0.999999999999999,-0.608367112796234
-1,-0.678543043769222
-1,-0.657615466154776
-1,-0.586450322447159
-1,-0.710003632347719
-1,-0.564061833517594
-0.999999999999999,-0.667148810526311
-1,-0.545597468279278
-1,-0.455167443307934
-1,-0.566077408828302
-1,-0.473610709345583
-1,-0.651134202765761
-1,-0.250735804136928
-1,-0.530018615467824
1,0.622070374299953
1,0.935138316710052
1,0.751453212891568
1,0.689510347072896
1,0.952003478772106
1,0.869648165477083
-1,-0.934320992203599
-0.999999999999999,-0.942832489922313
-1,-0.934628979089205
-1,-0.984032979317001
-1,-0.9956585636319
-1,-0.979490916435565
-1,-0.99113035160479
-1,-0.968612009558687
-1,-0.941754261730532
-1,-0.950840056346053
-1,-0.97504353043342
-0.999999999999999,-0.9261536602947
-1,-0.98075464820672
-1,-0.946822291962572
-1,-0.984846140213925
-1,-0.99756705355471
-1,-0.980274741245736
-1,-0.995899008118985
-1,-0.953459463067464
-1,-0.988868020200234
-1,-0.987882688292633
1,0.859111605146165
0.999999999999999,0.98404400613018
1,0.996003931024339
1,0.352558715089288
1,0.927508466718446
-1,-0.860286446619536
-0.999999999999999,-0.847443337689945
-1,-0.859845106519413
-1,-0.751494094318661
-0.999999999999999,-0.692248317781452
-0.999999999999999,-0.767069847639537
-1,-0.72060313514963
-1,-0.797171408417991
-1,-0.849148743249057
-1,-0.833958772498922
-1,-0.780373890756073
-0.999999999999999,-0.871423792434478
-1,-0.762967115142715
-0.999999999999998,-0.840913363415381
-1,-0.748432851153982
-1,-0.675139894174152
-0.999999999999998,-0.764544079916192
-1,-0.69035527225316
-1,-0.829198349514596
-0.999999999999999,-0.4986445400275
-1,-0.736050054924567
1,0.9364636835661
1,0.901386041988483
1,0.781813487653527
1,0.988140847183504
-1,-0.999997354993036
-1,-0.99974956722986
-1,-0.999998970472033
-1,-0.983264407942563
-1,-0.964055382819459
-1,-0.987343341807911
-1,-0.973925779912453
-1,-0.993852947108794
-1,-0.999816456052004
-1,-0.998882128077354
-1,-0.990456233818859
-1,-0.99969826700719
-1,-0.986312940232632
-0.999999999999999,-0.999402776332611
-1,-0.982410751876821
-1,-0.957561475841075
-1,-0.986712807734957
-1,-0.963355965306545
-1,-0.998440274222193
-1,-0.872012758023087
-1,-0.97879251133159
0.999999999999999,0.996002096035235
0.999999999999999,0.513433904194665
1,0.979217986924006
-1,-0.937267965606162
-0.999999999999999,-0.928379534309576
-0.999999999999999,-0.936966045786643
-0.999999999999999,-0.8568876299498
-1,-0.809604232988192
-1,-0.868980848158102
-1,-0.832469269013326
-1,-0.891874657705372
-0.999999999999999,-0.929571622991191
-1,-0.918836043581007
-1,-0.879181255081062
-0.999999999999999,-0.944797193784795
-0.999999999999999,-0.865810733450741
-0.999999999999999,-0.92378351989074
-1,-0.854492767502069
-0.999999999999999,-0.795620992831593
-0.999999999999999,-0.867030553990244
-0.999999999999999,-0.808063640289385
-1,-0.915419778244855
-1,-0.644914944311365
-0.999999999999999,-0.844748069497014
1,0.434724684679167
1,0.957186125219038
-0.999999999999999,-0.902379596190376
-1,-0.891469994055084
-1,-0.902006466852841
-1,-0.807412040983181
-1,-0.7539330141867
-1,-0.821302245155257
-1,-0.779646029865694
-1,-0.84790668068455
-1,-0.892924584552376
-1,-0.879909533379448
-1,-0.833101810627922
-1,-0.91175054538646
-1,-0.817651174862355
-1,-0.885884564059626
-1,-0.804673002111175
-1,-0.738324616768432
-1,-0.819055199841812
-1,-0.752209285166174
-1,-0.875804705295094
-1,-0.574065898579946
-1,-0.793564704190167
1,0.676801389049809
-1,-0.780377340370034
-0.999999999999999,-0.795571044894819
-1,-0.78091797947038
-0.999999999999999,-0.882323514167985
-1,-0.919379591966605
-1,-0.870805762222838
-1,-0.902882607547859
-1,-0.84603560986506
-1,-0.793615651206401
-1,-0.810413222278487
-1,-0.860289259048475
-0.999999999999999,-0.76626182329139
-1,-0.873920068105971
-1,-0.802892424580191
-1,-0.884492146099056
-1,-0.928348891533353
-1,-0.872729995637488
-1,-0.920407027743549
-1,-0.815404935419783
-1,-0.986950129857843
-1,-0.892962278137176
-0.999999999999999,-0.988491399252012
-0.999999999999999,-0.984457141942363
-1,-0.988360165309954
-1,-0.943629294418819
-1,-0.911824002055569
-1,-0.951281627397658
-1,-0.927540390865378
-1,-0.965067416392328
-1,-0.985017663880661
-1,-0.979777846890181
-1,-0.957546804574517
-1,-0.991614452415975
-1,-0.949298108485454
-1,-0.982244683949838
-1,-0.942087342380142
-1,-0.901947968374175
-0.999999999999999,-0.950063297155515
-1,-0.910745194050263
-1,-0.978026869232319
-1,-0.786511187042955
-1,-0.935729465316719
0.999999999999999,0.999695452015773
1,0.999999625833614
0.999999999999999,0.982842783132077
1,0.963441719331223
1,0.986975956090668
1,0.973401409736604
0.999999999999999,0.993595689188814
1,0.999769746586367
1,0.99877076395099
0.999999999999999,0.990136610354437
0.999999999999999,0.999752119325905
1,0.985931097627523
0.999999999999999,0.999320654934384
1,0.981978667819935
1,0.95689601569641
1,0.986336507184545
1,0.962736496603071
1,0.998309223640463
0.999999999999999,0.870884639570696
1,0.978318757581769
0.999999999999999,0.99971642596048
0.999999999999999,0.987095199381637
0.999999999999999,0.969759982918844
1,0.990645269604331
1,0.978758845348856
1,0.996081552384835
1,0.999994813674215
0.999999999999999,0.999689822605597
1,0.99329258332065
0.999999999999999,0.998898208177158
0.999999999999999,0.989755815658269
0.999999999999999,0.99992580029326
0.999999999999999,0.986343545760713
1,0.963771842026373
1,0.990101649478378
0.999999999999999,0.969117242321708
1,0.999439636645556
0.999999999999999,0.882748336849227
1,0.983131743497787
0.999999999999999,0.983001972032908
1,0.963673124579649
1,0.987114747487526
1,0.973599236723187
1,0.993693064114432
1,0.999787935173296
1,0.998813269425392
0.999999999999999,0.990257439672519
1,0.999732485231148
1,0.986075325810324
1,0.99935216215767
1,0.982141790050926
1,0.957146898317362
1,0.986478651175939
1,0.962970084835121
1,0.99835913317514
1,0.871309480963428
1,0.978497550086068
1,0.996327952595177
1,0.999713510464378
1,0.998958127277394
1,0.997389532455894
1,0.986574341762856
1,0.990777173773304
0.999999999999999,0.998990382492459
0.999999999999999,0.978492606696113
1,0.999845706399949
1,0.988972668609679
0.999999999999999,0.999989291313413
0.999999999999999,0.994046924359473
1,0.999799809207959
0.999999999999999,0.996100220759321
1,0.991902181058266
1,0.946595232206597
1,0.999733039248398
1,0.993993201776954
1,0.99919722824751
1,0.987544620747023
1,0.968968918213244
1,0.975537512302671
0.999999999999999,0.991475647532042
1,0.957237888966387
1,0.994670244794251
1,0.972661100931537
1,0.996713517490537
1,0.999725165081581
1,0.994415386347232
1,0.999996568076564
1,0.977385899537709
1,0.970724936413177
1,0.998040215887733
1,0.997579622341697
1,0.998832129298429
1,0.990200633790651
1,0.993736585326988
1,0.999779463421952
1,0.983149690897985
1,0.999979707308089
0.999999999999999,0.992234106912113
1,0.999592035341632
1,0.991154326035335
1,0.999992286668518
1,0.993703064664563
1,0.994657890530214
1,0.938606729568591
1,0.998893597085146
0.999999999999999,0.993055043406991
1,0.978093486626076
1,0.983561151544075
1,0.995899377042865
0.999999999999999,0.968059226633528
1,0.998002350732251
1,0.981183652918387
0.999999999999999,0.999158628390028
1,0.997983442312613
1,0.997845032128615
1,0.999088843076395
1,0.985072760709839
1,0.960323213017142
0.999999999999999,0.999745877451856
1,0.995791553256345
1,0.997975174773573
1,0.999626501798798
1,0.990833665256738
1,0.998504060622893
1,0.997084986933861
0.999999999999999,0.997044677865627
1,0.983584638977046
0.999999999999999,0.998634657971294
1,0.98712901984318
1,0.998483681033951
1,0.920842278355952
1,0.995454868320835
1,0.999604427481209
1,0.992915033644108
1,0.9990441710547
1,0.989290867694156
1,0.999881381275568
1,0.985807985102603
1,0.962907804410999
1,0.989644488529855
1,0.968318001034188
1,0.999326649606243
1,0.881230545941662
0.999999999999999,0.982537590515795
1,0.995864201746447
1,0.997419595950926
1,0.993004514647871
0.999999999999999,0.999919031138363
1,0.990139480488546
1,0.970115760729948
1,0.99329001116209
0.999999999999999,0.974958225487868
1,0.999963267029682
1,0.894176041608519
1,0.987381891495325
1,0.98677182570129
1,0.999625388181304
0.999999999999999,0.994627427853531
0.999999999999999,0.998771779237417
1,0.988148661164081
1,0.999689268396944
1,0.991130893517359
1,0.996606345845393
1,0.931154762138246
1,0.997685700460176
0.999999999999998,0.981965173599261
0.999999999999999,0.998252410027089
1,0.977527480816507
1,0.950192576990186
0.999999999999998,0.982424120106125
0.999999999999999,0.956476663853861
1,0.996767614370554
0.999999999999999,0.859726129993358
0.999999999999999,0.973465203363914
1,0.991421564425628
1,0.99975370618042
1,0.991979687417558
0.999999999999999,0.999997015889069
1,0.994396701294168
1,0.993980088948514
1,0.940785481187662
0.999999999999999,0.999172921540548
0.999999999999999,0.9882766978018
1,0.966949532174529
1,0.991737912447484
0.999999999999999,0.972049347470303
1,0.999773231407561
0.999999999999999,0.888406363419997
0.999999999999999,0.985286814550191
0.999999999999999,0.994540499722717
1,0.999696505594145
1,0.996497866754139
0.999999999999999,0.991303799160299
1,0.948077236135514
1,0.999829261473459
1,0.99166793935314
1,0.999783153354546
1,0.972159850957294
1,0.97608911506007
1,0.996298928956429
1,0.994135478263047
1,0.99424477918254
1,0.939954493232676
0.999999999999999,0.999070600690219
1,0.976828533704032
0.999999999999999,0.971350887018367
0.999999999999999,0.997872848908886
1,0.89798063238654
0.999999999999999,0.988702925080257
1,0.953792207476386
1,0.846431260263165
1,0.544463554447575
1,0.997717153680783
0.999999999999998,0.735624777499237
0.999999999999999,-0.648495879682706
1,-0.622923453057024
0.999999999999999,-0.290557236297559
1,-0.679867350372163
1,-0.579325297342222
0.999999999999999,-0.212109313351313
0.999999999999999,-0.276443858451917
1,-0.707157834731605
1,-0.0262852575815751
1,-0.320641104846486
1,-0.522375298620012
1,0.418879207917508
1,-0.322228121093997
1,0.291039003375415
1,-0.257158857045683
1,0.693194709854163
-1,-0.111593395525862
-0.999999999999999,-0.094057397302212
-1,-0.0527036125001732
-0.999999999999999,-0.542008555113792
-0.999999999999999,-0.29850763269413
-0.999999999999998,-0.235943051849033
-1,-0.401701734719821
-1,-0.301953626079948
-1,-0.165565361382846
-1,-0.263152584374433
-0.999999999999999,-0.314414672485425
-0.999999999999999,-0.0447691699166016
-1,-0.397311929276905
-1,-0.254313313014991
-0.999999999999999,-0.214502646424487
-1,-0.632427914980896
-1,-0.42297561436726
-0.999999999999999,-0.424064565837059
-1,-0.0977688199365908
-1,-0.216348952680605
-1,-0.284247243643953
1,0.90750204267431
1,0.880459288879759
1,0.983364225742466
0.999999999999999,-0.143560033354962
1,-0.110697858343295
1,0.2635880392322
0.999999999999999,-0.184961496800289
1,-0.0563218183347197
1,0.34084555990825
0.999999999999999,0.277755867555343
1,-0.222054737269857
1,0.510065350692331
1,0.232981857895465
1,0.011914618288434
1,0.838082987236026
1,0.231351695433394
1,0.755791306431833
1,0.296922342413629
1,0.970539802907105
-1,-0.623628131064698
-1,-0.609750440103882
-1,-0.576367920354174
-1,-0.906269910656341
-0.999999999999999,-0.760886143454058
-0.999999999999999,-0.717173498272392
-1,-0.827658897991306
-1,-0.763225375418833
-1,-0.665288597873192
-1,-0.736470271168144
-1,-0.771623166237373
-0.999999999999999,-0.569858121632791
-0.999999999999999,-0.82496193200352
-1,-0.730249208603108
-1,-0.701665007876515
-1,-0.947789942459858
-1,-0.8405380885513
-1,-0.841188712855853
-1,-0.61270147046694
-1,-0.70301088976959
-1,-0.751128750941198
0.999999999999999,0.599864865181007
1,0.968704478890983
1,0.285415626041633
1,0.317007566016078
1,0.644399509481526
0.999999999999999,0.244947130966602
1,0.368268746100514
1,0.704212961861918
1,0.655583520210495
1,0.208045713821052
0.999999999999999,0.824183321122374
1,0.619919921423599
1,0.430830391773689
1,0.989715987781432
1,0.6186039868439
1,0.960934646538143
0.999999999999999,0.670561834052216
1,0.981973493619406
-1,-0.894303947508505
-1,-0.886276805767504
-1,-0.866313952784658
-1,-0.999995724873465
-1,-0.963068532489596
-1,-0.943565392583703
-1,-0.986846104811091
-0.999999999999999,-0.964034977492034
-1,-0.917352588923165
-1,-0.952497883107783
-1,-0.967433494104167
-0.999999999999999,-0.862318681130933
-1,-0.986060663866251
-0.999999999999999,-0.949671176645161
-1,-0.936049328528919
-1,-0.994072543891708
-1,-0.990351886801876
-0.999999999999999,-0.990517750443699
-0.999999999999999,-0.887997571116667
-1,-0.936712933339908
-1,-0.958947753734525
0.999999999999999,0.779690459309701
1,-0.59560938412341
1,-0.568672812782953
1,-0.225276066424953
1,-0.628792218365258
0.999999999999999,-0.522958235980777
1,-0.145630376701815
0.999999999999999,-0.210913135771705
0.999999999999999,-0.657795084881836
1,0.0412827497200601
1,-0.255943398258244
1,-0.463597766914879
1,0.479244257451204
1,-0.25756317143541
0.999999999999999,0.354982590151035
1,-0.19131160418992
1,0.740285487710042
-1,-0.178448176215871
-0.999999999999999,-0.161074632528204
-1,-0.120020778451774
-0.999999999999999,-0.597522741614631
-1,-0.362278581483176
-0.999999999999999,-0.301029145405864
-1,-0.462627920081134
-1,-0.365643461524634
-0.999999999999998,-0.231786724270075
-1,-0.327702988636764
-1,-0.377803445650353
-0.999999999999999,-0.112130594360764
-1,-0.458377327631647
-0.999999999999999,-0.319043787066302
-1,-0.279972405798925
-1,-0.683295249381275
-1,-0.483202942156353
-0.999999999999999,-0.484255027067087
-1,-0.164753431765668
-0.999999999999999,-0.281786991327998
-1,-0.348344087008776
0.999999999999999,0.0385913591495381
1,0.0716720239972253
0.999999999999999,0.43442395227703
0.999999999999999,-0.00337395213123319
1,0.125971514865468
0.999999999999999,0.505943025363278
1,0.447632479074989
1,-0.0412508831196404
1,0.657819106836207
1,0.405752065277995
1,0.193348222818345
0.999999999999999,0.923235783156114
1,0.404219700061676
0.999999999999999,0.862161370099327
0.999999999999999,0.465435635975682
1,0.998159751067649
-1,-0.755249103135889
-1,-0.743577177040944
-1,-0.715217890009159
-1,-0.967974531849573
-0.999999999999999,-0.866094813614832
-0.999999999999999,-0.831829988892127
-0.999999999999999,-0.915834874929314
-0.999999999999999,-0.867895053444794
-0.999999999999999,-0.789834453898449
-1,-0.847095696564402
-1,-0.87432717156589
-1,-0.709643374944104
-1,-0.913901514008858
-1,-0.842197135443067
-1,-0.819415391289636
-1,-0.989948369812096
-1,-0.924961552399177
-0.999999999999999,-0.925417748730454
-1,-0.746065141209515
-1,-0.820497675460801
-0.999999999999999,-0.858546938263219
1,0.999451166166403
0.999999999999999,0.916802566800212
1,0.999119183092459
1,0.99615628120588
0.999999999999999,0.881449381158852
1,0.910826248209614
1,0.99681260252955
1,0.778001031910944
1,0.928960860192694
1,0.987860900965232
1,0.41957659707832
1,0.929579957422171
0.999999999999999,0.539528340519118
0.999999999999999,0.902384205195959
1,0.0991143597307848
-1,-0.684095700988744
-1,-0.696847679510951
-1,-0.725982147107822
-1,-0.288216853870522
-1,-0.53293116297339
-1,-0.586718506623722
-0.999999999999999,-0.436599264070302
-1,-0.529870808613378
-1,-0.643344000399563
-1,-0.56373507475565
-1,-0.518716928034877
-1,-0.731422313066235
-1,-0.440902293605975
-1,-0.571269609914567
-1,-0.604395517107036
-1,-0.179527322020147
-1,-0.415473095183441
-1,-0.414379373431447
-1,-0.694168607755304
-1,-0.602888146657332
-1,-0.545485519880331
1,0.929528165389518
1,0.997180758415206
1,0.998511232899564
1,0.896610556198142
1,0.924000651348749
1,0.993622728349565
1,0.798386206532713
1,0.940713723233501
1,0.992464638007126
1,0.449415923467127
1,0.941280888867352
1,0.567123681888997
1,0.916164238263153
1,0.132023370884135
-1,-0.707882474813638
-1,-0.720224201813838
-1,-0.748365261355481
-1,-0.319779474051336
-1,-0.560668963639447
-1,-0.613222053470976
-1,-0.466162120771277
-1,-0.557673884312588
-1,-0.668351822312863
-1,-0.590786716340636
-1,-0.546753627627432
-1,-0.753610679729201
-1,-0.470393190308331
-1,-0.598145083717704
-1,-0.630455188101629
-1,-0.212017106172398
-1,-0.445377134880819
-1,-0.444300536117377
-1,-0.717632506935214
-1,-0.628986452440374
-1,-0.572950147614099
1,0.899237663119742
1,0.948258387732439
0.999999999999999,0.996715119638562
1,0.999891701591138
0.999999999999999,0.882021478692259
0.999999999999999,0.964164374614701
1,0.999500853028097
0.999999999999999,0.967707422844176
1,0.747158482014892
1,0.999446502776719
1,0.830872896279019
1,0.999397039526204
1,0.488242738748211
-1,-0.918456764819605
-0.999999999999999,-0.925286592167705
-1,-0.940214355648301
-1,-0.646632765230002
-0.999999999999998,-0.826498287912135
-1,-0.861287580121008
-1,-0.759544685491752
-1,-0.824459190874215
-0.999999999999999,-0.895545634763717
-1,-0.846671538997809
-1,-0.816975828148158
-1,-0.942890221609946
-1,-0.762650704738893
-1,-0.851505364619401
-1,-0.872259932546793
-1,-0.557443788806187
-1,-0.744149351366452
-0.999999999999999,-0.743345806086713
-1,-0.923866016739315
-1,-0.871333741403168
-1,-0.834798112439116
1,0.991603190708072
0.999999999999999,0.860854961804129
1,0.892702246316728
1,0.999282311624352
1,0.750952220218671
1,0.912608994237505
0.999999999999999,0.980472265607919
0.999999999999999,0.381116758108714
1,0.913292899395904
1,0.503721990222981
1,0.883506334733356
1,0.0572711015088269
-1,-0.652885958030713
-1,-0.666137519489433
-1,-0.696484456221419
-0.999999999999999,-0.247781084391153
-0.999999999999999,-0.496954751717474
-1,-0.552220798613688
-1,-0.398462810892348
-1,-0.493816534338255
-0.999999999999999,-0.610651737620176
-0.999999999999999,-0.528579297989031
-0.999999999999999,-0.482384292834539
-1,-0.702162742131581
-1,-0.40285021302601
-0.999999999999999,-0.53632511656331
-1,-0.570432223133348
-1,-0.138088379559582
-1,-0.376937748798997
-1,-0.37582406048487
-1,-0.663351986581108
-0.999999999999999,-0.56887828826571
-1,-0.509835360552069
1,0.919429978724247
1,0.943483104387001
1,0.985993023470705
1,0.830042520854569
1,0.957815467907788
1,0.997670744697034
1,0.497474447204714
1,0.958295765505188
1,0.611205622921682
1,0.936662676287499
1,0.185895825458244
-1,-0.745356426171193
-1,-0.756993101404761
-1,-0.783431077972099
-1,-0.370985744118627
-1,-0.60500092242376
-0.999999999999999,-0.655395944798369
-1,-0.513725341675848
-1,-0.602120491316799
-1,-0.707930940480757
-1,-0.633916782285857
-1,-0.591611048674873
-1,-0.788343273386304
-1,-0.517827798374681
-1,-0.640967465205311
-1,-0.671856958884221
-1,-0.265007873612624
-1,-0.493551878953006
-1,-0.492506050823415
-1,-0.754551482780522
-1,-0.670455353589745
-1,-0.616802914503734
0.999999999999999,0.997799055814758
1,0.840962102665378
1,0.982483638887542
1,0.993659068547126
1,0.944113616806744
1,0.798532147473592
1,0.993469236757233
0.999999999999999,0.873210047555828
1,0.99892611689308
1,0.557317322212696
-1,-0.947472021028823
-0.999999999999999,-0.952963146234936
-1,-0.964708841503623
-1,-0.706286014230659
-1,-0.869374364118244
-1,-0.899609528956818
-0.999999999999999,-0.809728387009011
-0.999999999999999,-0.86758348425874
-0.999999999999998,-0.928640843063409
-1,-0.886985042754271
-1,-0.860995359570468
-1,-0.966770160455938
-1,-0.812529039314909
-1,-0.891173718491601
-1,-0.909000981364804
-1,-0.622849639437177
-1,-0.795805615232344
-0.999999999999999,-0.795077116098375
-0.999999999999999,-0.951826432857438
-1,-0.908211324829259
-1,-0.876644052884202
1,0.874991251400766
1,0.96796441452174
1,0.998927676830332
0.999999999999999,0.9638928610049
1,0.756859047085568
1,0.998848680673233
1,0.838972274403346
1,0.999799791498989
1,0.501033356329792
-1,-0.924178118546682
-0.999999999999999,-0.930768017660628
-1,-0.945124838095704
-0.999999999999999,-0.657788755438533
-0.999999999999999,-0.834693460530555
-0.999999999999999,-0.868672187478794
-0.999999999999999,-0.769035065607443
-0.999999999999999,-0.832698472519303
-1,-0.901997191790492
-1,-0.854410904769671
-1,-0.825374133564782
-0.999999999999999,-0.947690337675751
-1,-0.77208711204429
-0.999999999999999,-0.859129857360984
-1,-0.87936262423559
-1,-0.569601547016649
-1,-0.753899799151112
-0.999999999999999,-0.753109498430269
-1,-0.929398330774332
-1,-0.878460791245194
-1,-0.842810146967073
1,0.725399249966917
1,0.896467589319904
1,0.972319294369568
1,0.345822554859967
1,0.897208961904165
1,0.470637610667157
1,0.865128735164301
1,0.0194126037863729
-1,-0.623725274932517
-1,-0.637407762324568
-1,-0.668803284592401
-1,-0.210904921393953
-1,-0.463727095824781
-0.999999999999999,-0.520244359814836
-1,-0.3634342864806
-1,-0.460523339090978
-1,-0.580216677653647
-1,-0.496044586208586
-1,-0.448857116224102
-0.999999999999999,-0.674687930976414
-1,-0.367891214390046
-0.999999999999999,-0.503969412183279
-1,-0.538910648974585
-1,-0.10047259674346
-1,-0.341581707107628
-1,-0.340451679790795
-0.999999999999999,-0.634530341020273
-1,-0.537317031257685
-1,-0.476882726080654
1,0.955301621125289
1,0.866151831107961
1,0.896717872556305
1,0.954804811824166
1,0.948730593443004
1,0.972794733637535
1,0.702280535811445
-0.999999999999999,-0.990477330367008
-1,-0.99275046803491
-1,-0.99687983393698
-1,-0.825835770806982
-1,-0.946231133036014
-1,-0.965229297771694
-1,-0.904895310845109
-0.999999999999999,-0.945056296619637
-1,-0.981506142559142
-1,-0.957503853868783
-1,-0.940693273629431
-1,-0.997475418259913
-1,-0.90692310065659
-1,-0.960103036098386
-1,-0.970747675531133
-1,-0.757728042837474
-1,-0.894709954800313
-1,-0.894172400710449
-1,-0.992295412445664
-1,-0.970291979988914
-1,-0.950948235905768
1,0.97518794316601
1,0.72578814782546
1,0.999998595585178
1,0.812878498486874
0.999999999999999,0.997801288658432
1,0.460428580338694
-1,-0.905503068625005
-1,-0.912842940447487
-1,-0.92898539587172
-1,-0.622211693446116
-1,-0.808301453681257
-1,-0.84480529106832
-1,-0.738616482253714
-1,-0.80616916196575
-1,-0.88104121182938
-1,-0.829438402141578
-1,-0.798349906272915
-1,-0.931896221821585
-0.999999999999999,-0.741836089657676
-1,-0.834515283119349
-1,-0.856374789414666
-1,-0.530937527147912
-1,-0.722674138129151
-1,-0.721842749344038
-1,-0.911314164585323
-1,-0.855396987526726
-1,-0.816988338773806
0.999999999999999,0.55548947862116
1,0.975557594300684
1,0.663771054748094
1,0.958371565731234
1,0.252487354303858
-1,-0.789095951915256
-1,-0.799802149226137
-1,-0.823999519087757
-1,-0.433467334572561
-1,-0.657905020116213
-1,-0.705390046268006
-1,-0.571052859967209
-1,-0.655180035268528
-1,-0.754459951213434
-0.999999999999999,-0.685196655662805
-1,-0.645228384941491
-0.999999999999999,-0.828474412648125
-0.999999999999999,-0.574977285278191
-0.999999999999999,-0.691833011608086
-1,-0.72081649001668
-0.999999999999999,-0.330165239458344
-1,-0.55172869029278
-1,-0.550725725736699
-0.999999999999999,-0.797558442588713
-0.999999999999999,-0.719504709326998
-1,-0.669058292282614
1,0.724634207916436
0.999999999999999,0.990644094357793
0.999999999999999,0.769785237429402
1,0.944836431814552
-1,-0.949114442476332
-1,-0.943415099330893
-1,-0.928856414118634
-1,-0.990130035424022
-0.999999999999999,-0.991680472223078
-0.999999999999999,-0.981236748732837
-1,-0.999822601622016
-1,-0.992139035511779
-1,-0.964861800598801
-1,-0.986266469031902
-0.999999999999999,-0.993693055960076
-1,-0.925884397918069
-1,-0.999720945461686
-1,-0.984713814660026
-1,-0.976756540248244
-1,-0.968297660176012
-1,-0.999989803017739
-1,-0.999983651966982
-1,-0.944645000000244
-1,-0.977160068938948
-1,-0.989651413306563
1,0.811901224434228
1,0.997688810674607
1,0.458940193232543
-1,-0.904790622340393
-1,-0.912157347488562
-1,-0.928363792517277
-1,-0.620898799265626
-1,-0.807313567950225
-1,-0.84390734452392
-1,-0.737485639798315
-1,-0.805176391690134
-1,-0.880247181187052
-1,-0.828501051419569
-1,-0.797339534821937
-1,-0.93128700198967
-1,-0.740711183307242
-1,-0.833590684982345
-1,-0.855508199010318
-1,-0.529516558214537
-1,-0.721514721191153
-1,-0.720681878483482
-1,-0.910622874193908
-1,-0.854527686424204
-1,-0.816020744479407
1,0.849692914865388
0.999999999999999,0.891296639635088
-1,-0.983213553810627
-1,-0.979844245090293
-0.999999999999999,-0.97072035720125
-1,-0.961739851314552
-1,-0.999969455714573
-1,-0.99836888108597
-1,-0.993038812357947
-0.999999999999999,-0.999934694288853
-1,-0.991693422403463
-1,-0.999578828589719
-1,-0.999699220393352
-1,-0.968781524502677
-1,-0.993591457146639
-1,-0.999271420543404
-1,-0.996870848581799
-1,-0.925148062562617
-1,-0.990017696635513
-0.999999999999999,-0.98984755598163
-1,-0.980582271474836
-1,-0.997018521853659
-1,-0.99997485555869
1,0.51824975762239
-1,-0.931635924295709
-0.999999999999999,-0.937897320472318
-1,-0.951472882170962
-1,-0.672728205565843
-0.999999999999999,-0.845545832602245
-0.999999999999999,-0.878410685924532
-0.999999999999999,-0.781671251902013
-1,-0.843611509644717
-1,-0.910455509564149
-1,-0.864636697984411
-1,-0.836505928803646
-1,-0.953887433086805
-0.999999999999999,-0.784648854925144
-1,-0.869197826317747
-1,-0.888714107685002
-1,-0.585933670413127
-1,-0.766894839654189
-1,-0.766122821205475
-0.999999999999999,-0.936597298998271
-1,-0.887845706077969
-0.999999999999999,-0.853410699107193
-1,-0.793604477803294
-1,-0.782755211466633
-1,-0.756282534550124
-1,-0.981416590136764
-0.999999999999999,-0.894813287201447
-1,-0.863955815264133
-1,-0.938499485488483
-0.999999999999999,-0.896420282419177
-1,-0.825572195409323
-1,-0.877762943914828
-1,-0.902148634011217
-0.999999999999999,-0.751061466080489
-0.999999999999999,-0.936835336902971
-0.999999999999999,-0.873342097981507
-0.999999999999999,-0.852665855963367
-0.999999999999999,-0.996702771886115
-1,-0.946305965114782
-0.999999999999999,-0.946693881725158
-1,-0.785070192766203
-1,-0.853652140004224
-1,-0.888058831693201
1,0.999844601214461
1,0.998254205153473
1,0.8956085323832
0.999999999999999,0.981757452436923
1,0.992026865933896
1,0.954877871075094
1,0.981064144855592
1,0.998514973446967
1,0.988094414139415
1,0.978443053877854
1,0.997753514774248
0.999999999999999,0.956289112330599
1,0.989460879098004
1,0.994559823342103
1,0.840355686107976
1,0.947682548043115
1,0.947298141115371
1,0.999903381747955
1,0.994361097339837
1,0.984482721541066
1,0.999140301030801
1,0.887627321122361
1,0.978252997201325
0.999999999999999,0.989651013074082
1,0.949493762664357
1,0.97749729443659
1,0.997399426227253
1,0.985228702239445
1,0.974650368418285
1,0.998779450874859
1,0.950985451591436
1,0.986754464795985
1,0.992568934707849
1,0.830669681017145
1,0.941907924321882
1,0.941503498621474
1,0.999993048723747
1,0.992337093508187
1,0.981236210953078
1,0.867770826033741
1,0.968813241354764
1,0.982851372150066
1,0.935668952360622
1,0.967911732726542
1,0.993554091648022
1,0.977282501683224
1,0.964537209357286
1,0.99996844736431
1,0.937347998618375
1,0.97918100734847
1,0.986671020492062
1,0.806873886729179
1,0.927174051958546
1,0.926723044566802
1,0.998978779982324
1,0.986361587937635
1,0.972399396081113
1,0.963851742047933
1,0.94452977337779
1,0.987314599765572
1,0.964808004234863
0.999999999999999,0.918512671571682
1,0.953384325134225
1,0.96816951653709
1,0.863795648421405
0.999999999999999,0.986542974630999
1,0.950583080026068
1,0.937074218784574
1,0.993750391805278
1,0.990752858250961
1,0.990915239817947
1,0.889338406857929
1,0.937732643922864
1,0.959772872472348
1,0.997892158119293
1,0.993929091813174
1,0.999993474351123
1,0.990657824217532
1,0.999321480288436
1,0.999860368118716
1,0.966814257253433
0.999999999999999,0.994444543185302
1,0.998942600055627
1,0.996222575633255
1,0.928086754780853
1,0.991089048603458
1,0.990928213876387
0.999999999999999,0.979019566769327
1,0.996384976690561
1,0.999888886501773
0.999999999999999,0.98469423532323
0.999999999999999,0.9976512065151
1,0.997419349960525
1,0.999605231988498
1,0.996668401437084
0.999999999999999,0.981355524066708
1,0.985517543122604
1,0.999820478741921
0.999999999999999,0.999757870943804
1,0.901966275536343
1,0.980356036236921
1,0.980118233811548
1,0.990179170827396
0.999999999999999,0.9997976879462
1,0.998748646079253
0.999999999999999,0.994320078959394
1,0.969639736656301
1,0.989202366622892
1,0.995628850740144
1,0.932836222031479
0.999999999999999,0.99998853489784
1,0.987819847264338
1,0.98062062578953
1,0.963420864320086
0.999999999999999,0.999727347447019
0.999999999999999,0.999698556282992
1,0.950657146544276
1,0.980989291703956
0.999999999999999,0.992178561550491
0.999999999999999,0.990158698213293
1,0.999181898708361
1,0.999914212977379
1,0.965884986663126
1,0.994818328120284
1,0.998769990366696
1,0.995902364527777
1,0.929425920129245
1,0.991563789858731
1,0.991407259844738
1,0.978277041432411
1,0.9960715697211
1,0.999828508257727
1,0.995008431672709
1,0.988240653534441
1,0.992622238765829
1,0.970799598035503
1,0.995879935814163
1,0.998757679351969
1,0.868636714115224
1,0.963665358819392
1,0.963343571110547
0.999999999999999,0.997661221428573
1,0.998661679375455
1,0.992580614370824
1,0.998566462105763
1,0.975568046111337
1,0.989892814208534
1,0.999958130739256
1,0.998744961121009
1,0.913742204328521
1,0.985510548196972
1,0.985305945822339
1,0.985860353958382
1,0.998837871548397
1,0.999759488388248
1,0.962410028922853
1,0.99606467553103
1,0.998034849252698
1,0.994632380691141
1,0.934179592008473
1,0.993176529513236
1,0.99303562417435
1,0.975477807305317
1,0.994826237034748
1,0.999500167412103
1,0.93455083960871
0.999999999999999,0.977537603128216
0.999999999999999,0.985347209038413
1,0.80215582472625
1,0.924168797105447
1,0.923708952385462
0.999999999999999,0.998588343299367
1,0.985022969380868
1,0.970515241946892
1,0.9885536270115
1,0.981547534942693
1,0.962126524677425
1,0.999604072317735
1,0.999569526915246
1,0.952131858891645
1,0.981907316730263
1,0.992764923156343
1,0.999161460787997
1,0.909986035583165
1,0.983917183897532
1,0.983701750595104
1,0.987352463513175
1,0.999237086853016
1,0.999516944154599
1,0.892246183182027
1,0.975778577284
1,0.975514903898553
1,0.993015745486037
1,0.999998212627663
1,0.99740634209387
1,0.96941586872075
1,0.969710188252739
1,0.832739866295023
1,0.893098332023538
1,0.922432851067289
1,0.999999277497571
1,0.94315370829308
1,0.976190443442624
1,0.988993316275397
1,0.942753506220272
1,0.975928987957086
1,0.988814741236808
1,0.992790902371253
1,0.981948300757885
1,0.997540644865391
