subid,gender,condition,error,trial
1,1,0,4,1
1,1,0,3,2
1,1,0,3,3
1,1,0,2,4
1,1,0,0,5
1,1,0,4,6
1,1,0,0,7
1,1,0,6,8
1,1,0,4,9
1,1,0,6,10
1,1,0,4,11
1,1,0,6,12
1,1,0,2,13
1,1,0,1,14
1,1,0,5,15
1,1,0,1,16
1,1,0,1,17
1,1,0,2,18
1,1,0,1,19
1,1,0,3,20
1,1,0,3,21
1,1,0,1,22
1,1,0,3,23
1,1,0,1,24
1,1,0,7,25
1,1,0,2,26
1,1,0,5,27
1,1,0,2,28
1,1,0,1,29
1,1,0,3,30
1,1,0,1,31
1,1,0,2,32
1,1,0,6,33
1,1,0,2,34
1,1,0,1,35
1,1,0,4,36
1,1,0,2,37
1,1,0,0,38
1,1,0,0,39
1,1,0,4,40
1,1,0,0,41
1,1,0,4,42
2,1,0,3,1
2,1,0,2,2
2,1,0,3,3
2,1,0,1,4
2,1,0,3,5
2,1,0,2,6
2,1,0,4,7
2,1,0,7,8
2,1,0,3,9
2,1,0,4,10
2,1,0,2,11
2,1,0,0,12
2,1,0,3,13
2,1,0,2,14
2,1,0,1,15
2,1,0,1,16
2,1,0,8,17
2,1,0,3,18
2,1,0,4,19
2,1,0,0,20
2,1,0,1,21
2,1,0,3,22
2,1,0,0,23
2,1,0,3,24
2,1,0,1,25
2,1,0,2,26
2,1,0,3,27
2,1,0,4,28
2,1,0,0,29
2,1,0,5,30
2,1,0,1,31
2,1,0,1,32
2,1,0,0,33
2,1,0,4,34
2,1,0,0,35
2,1,0,1,36
2,1,0,3,37
2,1,0,3,38
2,1,0,2,39
2,1,0,5,40
2,1,0,0,41
2,1,0,4,42
3,2,0,7,1
3,2,0,0,2
3,2,0,2,3
3,2,0,2,4
3,2,0,1,5
3,2,0,1,6
3,2,0,1,7
3,2,0,2,8
3,2,0,2,9
3,2,0,3,10
3,2,0,2,11
3,2,0,1,12
3,2,0,1,13
3,2,0,2,14
3,2,0,2,15
3,2,0,1,16
3,2,0,1,17
3,2,0,3,18
3,2,0,1,19
3,2,0,3,20
3,2,0,0,21
3,2,0,1,22
3,2,0,0,23
3,2,0,0,24
3,2,0,1,25
3,2,0,0,26
3,2,0,3,27
3,2,0,1,28
3,2,0,1,29
3,2,0,1,30
3,2,0,6,31
3,2,0,2,32
3,2,0,3,33
3,2,0,2,34
3,2,0,0,35
3,2,0,3,36
3,2,0,1,37
3,2,0,1,38
3,2,0,2,39
3,2,0,0,40
3,2,0,0,41
3,2,0,2,42
4,2,0,4,1
4,2,0,2,2
4,2,0,2,3
4,2,0,1,4
4,2,0,6,5
4,2,0,5,6
4,2,0,0,7
4,2,0,1,8
4,2,0,3,9
4,2,0,0,10
4,2,0,3,11
4,2,0,2,12
4,2,0,3,13
4,2,0,2,14
4,2,0,2,15
4,2,0,0,16
4,2,0,2,17
4,2,0,1,18
4,2,0,5,19
4,2,0,3,20
4,2,0,5,21
4,2,0,6,22
4,2,0,1,23
4,2,0,2,24
4,2,0,1,25
4,2,0,1,26
4,2,0,1,27
4,2,0,2,28
4,2,0,6,29
4,2,0,5,30
4,2,0,2,31
4,2,0,1,32
4,2,0,1,33
4,2,0,1,34
4,2,0,0,35
4,2,0,2,36
4,2,0,2,37
4,2,0,5,38
4,2,0,1,39
4,2,0,1,40
4,2,0,2,41
4,2,0,3,42
5,2,0,2,1
5,2,0,1,2
5,2,0,3,3
5,2,0,3,4
5,2,0,2,5
5,2,0,5,6
5,2,0,2,7
5,2,0,4,8
5,2,0,3,9
5,2,0,3,10
5,2,0,4,11
5,2,0,3,12
5,2,0,1,13
5,2,0,1,14
5,2,0,4,15
5,2,0,2,16
5,2,0,8,17
5,2,0,5,18
5,2,0,1,19
5,2,0,3,20
5,2,0,1,21
5,2,0,0,22
5,2,0,1,23
5,2,0,4,24
5,2,0,3,25
5,2,0,4,26
5,2,0,5,27
5,2,0,7,28
5,2,0,1,29
5,2,0,3,30
5,2,0,2,31
5,2,0,6,32
5,2,0,3,33
5,2,0,2,34
5,2,0,2,35
5,2,0,4,36
5,2,0,3,37
5,2,0,2,38
5,2,0,2,39
5,2,0,1,40
5,2,0,6,41
5,2,0,1,42
6,2,0,2,1
6,2,0,2,2
6,2,0,1,3
6,2,0,1,4
6,2,0,3,5
6,2,0,2,6
6,2,0,8,7
6,2,0,3,8
6,2,0,1,9
6,2,0,0,10
6,2,0,7,11
6,2,0,3,12
6,2,0,3,13
6,2,0,2,14
6,2,0,0,15
6,2,0,0,16
6,2,0,2,17
6,2,0,3,18
6,2,0,1,19
6,2,0,2,20
6,2,0,2,21
6,2,0,2,22
6,2,0,4,23
6,2,0,2,24
6,2,0,2,25
6,2,0,5,26
6,2,0,2,27
6,2,0,2,28
6,2,0,3,29
6,2,0,2,30
6,2,0,0,31
6,2,0,1,32
6,2,0,5,33
6,2,0,2,34
6,2,0,1,35
6,2,0,2,36
6,2,0,0,37
6,2,0,2,38
6,2,0,3,39
6,2,0,0,40
6,2,0,0,41
6,2,0,3,42
7,2,0,7,1
7,2,0,8,2
7,2,0,7,3
7,2,0,3,4
7,2,0,1,5
7,2,0,0,6
7,2,0,4,7
7,2,0,3,8
7,2,0,2,9
7,2,0,6,10
7,2,0,3,11
7,2,0,5,12
7,2,0,1,13
7,2,0,2,14
7,2,0,0,15
7,2,0,4,16
7,2,0,2,17
7,2,0,1,18
7,2,0,2,19
7,2,0,2,20
7,2,0,2,21
7,2,0,5,22
7,2,0,1,23
7,2,0,2,24
7,2,0,7,25
7,2,0,5,26
7,2,0,3,27
7,2,0,5,28
7,2,0,0,29
7,2,0,0,30
7,2,0,1,31
7,2,0,4,32
7,2,0,2,33
7,2,0,1,34
7,2,0,4,35
7,2,0,2,36
7,2,0,0,37
7,2,0,5,38
7,2,0,1,39
7,2,0,3,40
7,2,0,0,41
7,2,0,1,42
8,2,0,3,1
8,2,0,0,2
8,2,0,0,3
8,2,0,2,4
8,2,0,4,5
8,2,0,3,6
8,2,0,2,7
8,2,0,0,8
8,2,0,2,9
8,2,0,2,10
8,2,0,1,11
8,2,0,2,12
8,2,0,3,13
8,2,0,2,14
8,2,0,5,15
8,2,0,2,16
8,2,0,1,17
8,2,0,0,18
8,2,0,2,19
8,2,0,3,20
8,2,0,2,21
8,2,0,6,22
8,2,0,2,23
8,2,0,1,24
8,2,0,4,25
8,2,0,3,26
8,2,0,1,27
8,2,0,1,28
8,2,0,2,29
8,2,0,2,30
8,2,0,3,31
8,2,0,3,32
8,2,0,0,33
8,2,0,1,34
8,2,0,0,35
8,2,0,3,36
8,2,0,1,37
8,2,0,0,38
8,2,0,0,39
8,2,0,1,40
8,2,0,0,41
8,2,0,0,42
9,2,0,3,1
9,2,0,3,2
9,2,0,4,3
9,2,0,1,4
9,2,0,4,5
9,2,0,1,6
9,2,0,1,7
9,2,0,7,8
9,2,0,2,9
9,2,0,2,10
9,2,0,6,11
9,2,0,5,12
9,2,0,2,13
9,2,0,2,14
9,2,0,3,15
9,2,0,4,16
9,2,0,7,17
9,2,0,4,18
9,2,0,1,19
9,2,0,1,20
9,2,0,4,21
9,2,0,4,22
9,2,0,4,23
9,2,0,3,24
9,2,0,1,25
9,2,0,4,26
9,2,0,0,27
9,2,0,4,28
9,2,0,1,29
9,2,0,3,30
9,2,0,0,31
9,2,0,4,32
9,2,0,5,33
9,2,0,1,34
9,2,0,3,35
9,2,0,4,36
9,2,0,3,37
9,2,0,1,38
9,2,0,2,39
9,2,0,4,40
9,2,0,1,41
9,2,0,5,42
10,2,0,3,1
10,2,0,1,2
10,2,0,1,3
10,2,0,3,4
10,2,0,0,5
10,2,0,2,6
10,2,0,3,7
10,2,0,2,8
10,2,0,4,9
10,2,0,1,10
10,2,0,2,11
10,2,0,2,12
10,2,0,5,13
10,2,0,1,14
10,2,0,3,15
10,2,0,3,16
10,2,0,5,17
10,2,0,2,18
10,2,0,2,19
10,2,0,6,20
10,2,0,1,21
10,2,0,2,22
10,2,0,2,23
10,2,0,0,24
10,2,0,4,25
10,2,0,3,26
10,2,0,4,27
10,2,0,1,28
10,2,0,4,29
10,2,0,2,30
10,2,0,2,31
10,2,0,3,32
10,2,0,6,33
10,2,0,2,34
10,2,0,2,35
10,2,0,5,36
10,2,0,0,37
10,2,0,2,38
10,2,0,0,39
10,2,0,4,40
10,2,0,2,41
10,2,0,1,42
11,2,0,2,1
11,2,0,5,2
11,2,0,4,3
11,2,0,3,4
11,2,0,3,5
11,2,0,0,6
11,2,0,3,7
11,2,0,2,8
11,2,0,3,9
11,2,0,8,10
11,2,0,5,11
11,2,0,1,12
11,2,0,1,13
11,2,0,1,14
11,2,0,7,15
11,2,0,0,16
11,2,0,1,17
11,2,0,3,18
11,2,0,7,19
11,2,0,7,20
11,2,0,5,21
11,2,0,4,22
11,2,0,1,23
11,2,0,4,24
11,2,0,5,25
11,2,0,2,26
11,2,0,5,27
11,2,0,1,28
11,2,0,1,29
11,2,0,3,30
11,2,0,2,31
11,2,0,5,32
11,2,0,2,33
11,2,0,1,34
11,2,0,1,35
11,2,0,6,36
11,2,0,1,37
11,2,0,5,38
11,2,0,5,39
11,2,0,1,40
11,2,0,6,41
11,2,0,4,42
12,3,0,4,1
12,3,0,2,2
12,3,0,2,3
12,3,0,7,4
12,3,0,1,5
12,3,0,1,6
12,3,0,2,7
12,3,0,0,8
12,3,0,1,9
12,3,0,3,10
12,3,0,4,11
12,3,0,3,12
12,3,0,3,13
12,3,0,2,14
12,3,0,0,15
12,3,0,1,16
12,3,0,1,17
12,3,0,2,18
12,3,0,1,19
12,3,0,7,20
12,3,0,3,21
12,3,0,4,22
12,3,0,3,23
12,3,0,1,24
12,3,0,3,25
12,3,0,6,26
12,3,0,3,27
12,3,0,8,28
12,3,0,0,29
12,3,0,0,30
12,3,0,3,31
12,3,0,3,32
12,3,0,1,33
12,3,0,1,34
12,3,0,2,35
12,3,0,1,36
12,3,0,4,37
12,3,0,0,38
12,3,0,4,39
12,3,0,4,40
12,3,0,1,41
12,3,0,1,42
13,2,0,1,1
13,2,0,3,2
13,2,0,2,3
13,2,0,5,4
13,2,0,3,5
13,2,0,8,6
13,2,0,1,7
13,2,0,1,8
13,2,0,0,9
13,2,0,5,10
13,2,0,1,11
13,2,0,1,12
13,2,0,1,13
13,2,0,1,14
13,2,0,3,15
13,2,0,2,16
13,2,0,0,17
13,2,0,2,18
13,2,0,1,19
13,2,0,1,20
13,2,0,3,21
13,2,0,3,22
13,2,0,0,23
13,2,0,3,24
13,2,0,2,25
13,2,0,0,26
13,2,0,0,27
13,2,0,1,28
13,2,0,5,29
13,2,0,2,30
13,2,0,2,31
13,2,0,2,32
13,2,0,5,33
13,2,0,0,34
13,2,0,2,35
13,2,0,0,36
13,2,0,3,37
13,2,0,1,38
13,2,0,3,39
13,2,0,4,40
13,2,0,2,41
13,2,0,1,42
14,2,0,1,1
14,2,0,2,2
14,2,0,6,3
14,2,0,3,4
14,2,0,4,5
14,2,0,6,6
14,2,0,0,7
14,2,0,3,8
14,2,0,1,9
14,2,0,4,10
14,2,0,0,11
14,2,0,4,12
14,2,0,0,13
14,2,0,1,14
14,2,0,3,15
14,2,0,0,16
14,2,0,2,17
14,2,0,1,18
14,2,0,0,19
14,2,0,1,20
14,2,0,1,21
14,2,0,1,22
14,2,0,3,23
14,2,0,1,24
14,2,0,2,25
14,2,0,4,26
14,2,0,5,27
14,2,0,3,28
14,2,0,2,29
14,2,0,1,30
14,2,0,1,31
14,2,0,5,32
14,2,0,0,33
14,2,0,1,34
14,2,0,0,35
14,2,0,1,36
14,2,0,5,37
14,2,0,5,38
14,2,0,2,39
14,2,0,6,40
14,2,0,1,41
14,2,0,3,42
15,2,0,1,1
15,2,0,0,2
15,2,0,5,3
15,2,0,1,4
15,2,0,5,5
15,2,0,2,6
15,2,0,3,7
15,2,0,1,8
15,2,0,4,9
15,2,0,4,10
15,2,0,4,11
15,2,0,1,12
15,2,0,0,13
15,2,0,2,14
15,2,0,4,15
15,2,0,0,16
15,2,0,2,17
15,2,0,2,18
15,2,0,3,19
15,2,0,7,20
15,2,0,6,21
15,2,0,1,22
15,2,0,2,23
15,2,0,2,24
15,2,0,7,25
15,2,0,0,26
15,2,0,1,27
15,2,0,1,28
15,2,0,1,29
15,2,0,2,30
15,2,0,0,31
15,2,0,1,32
15,2,0,1,33
15,2,0,2,34
15,2,0,0,35
15,2,0,2,36
15,2,0,2,37
15,2,0,2,38
15,2,0,2,39
15,2,0,5,40
15,2,0,3,41
15,2,0,4,42
16,1,0,1,1
16,1,0,0,2
16,1,0,1,3
16,1,0,5,4
16,1,0,3,5
16,1,0,9,6
16,1,0,2,7
16,1,0,2,8
16,1,0,1,9
16,1,0,3,10
16,1,0,0,11
16,1,0,2,12
16,1,0,2,13
16,1,0,3,14
16,1,0,3,15
16,1,0,1,16
16,1,0,2,17
16,1,0,4,18
16,1,0,3,19
16,1,0,5,20
16,1,0,0,21
16,1,0,3,22
16,1,0,3,23
16,1,0,4,24
16,1,0,3,25
16,1,0,3,26
16,1,0,1,27
16,1,0,5,28
16,1,0,4,29
16,1,0,0,30
16,1,0,4,31
16,1,0,4,32
16,1,0,5,33
16,1,0,0,34
16,1,0,1,35
16,1,0,1,36
16,1,0,5,37
16,1,0,0,38
16,1,0,2,39
16,1,0,5,40
16,1,0,0,41
16,1,0,1,42
17,2,0,0,1
17,2,0,0,2
17,2,0,7,3
17,2,0,2,4
17,2,0,4,5
17,2,0,1,6
17,2,0,1,7
17,2,0,2,8
17,2,0,3,9
17,2,0,1,10
17,2,0,2,11
17,2,0,5,12
17,2,0,2,13
17,2,0,2,14
17,2,0,3,15
17,2,0,2,16
17,2,0,1,17
17,2,0,3,18
17,2,0,1,19
17,2,0,0,20
17,2,0,1,21
17,2,0,5,22
17,2,0,2,23
17,2,0,0,24
17,2,0,3,25
17,2,0,1,26
17,2,0,1,27
17,2,0,2,28
17,2,0,1,29
17,2,0,2,30
17,2,0,3,31
17,2,0,2,32
17,2,0,5,33
17,2,0,0,34
17,2,0,0,35
17,2,0,1,36
17,2,0,0,37
17,2,0,1,38
17,2,0,1,39
17,2,0,2,40
17,2,0,2,41
17,2,0,0,42
18,2,0,7,1
18,2,0,3,2
18,2,0,4,3
18,2,0,5,4
18,2,0,7,5
18,2,0,3,6
18,2,0,2,7
18,2,0,3,8
18,2,0,8,9
18,2,0,0,10
18,2,0,3,11
18,2,0,2,12
18,2,0,4,13
18,2,0,4,14
18,2,0,4,15
18,2,0,5,16
18,2,0,2,17
18,2,0,3,18
18,2,0,0,19
18,2,0,4,20
18,2,0,5,21
18,2,0,2,22
18,2,0,1,23
18,2,0,1,24
18,2,0,0,25
18,2,0,5,26
18,2,0,1,27
18,2,0,1,28
18,2,0,2,29
18,2,0,1,30
18,2,0,3,31
18,2,0,1,32
18,2,0,2,33
18,2,0,2,34
18,2,0,6,35
18,2,0,2,36
18,2,0,2,37
18,2,0,3,38
18,2,0,4,39
18,2,0,6,40
18,2,0,0,41
18,2,0,6,42
19,2,0,5,1
19,2,0,3,2
19,2,0,5,3
19,2,0,0,4
19,2,0,3,5
19,2,0,8,6
19,2,0,2,7
19,2,0,3,8
19,2,0,5,9
19,2,0,6,10
19,2,0,1,11
19,2,0,1,12
19,2,0,1,13
19,2,0,4,14
19,2,0,2,15
19,2,0,2,16
19,2,0,4,17
19,2,0,6,18
19,2,0,4,19
19,2,0,1,20
19,2,0,1,21
19,2,0,7,22
19,2,0,3,23
19,2,0,0,24
19,2,0,3,25
19,2,0,3,26
19,2,0,4,27
19,2,0,3,28
19,2,0,1,29
19,2,0,1,30
19,2,0,1,31
19,2,0,5,32
19,2,0,0,33
19,2,0,1,34
19,2,0,2,35
19,2,0,4,36
19,2,0,4,37
19,2,0,4,38
19,2,0,8,39
19,2,0,2,40
19,2,0,0,41
19,2,0,1,42
20,2,0,4,1
20,2,0,2,2
20,2,0,4,3
20,2,0,1,4
20,2,0,2,5
20,2,0,3,6
20,2,0,0,7
20,2,0,2,8
20,2,0,1,9
20,2,0,2,10
20,2,0,3,11
20,2,0,4,12
20,2,0,3,13
20,2,0,3,14
20,2,0,1,15
20,2,0,0,16
20,2,0,3,17
20,2,0,4,18
20,2,0,0,19
20,2,0,2,20
20,2,0,0,21
20,2,0,1,22
20,2,0,6,23
20,2,0,2,24
20,2,0,3,25
20,2,0,2,26
20,2,0,0,27
20,2,0,2,28
20,2,0,2,29
20,2,0,1,30
20,2,0,3,31
20,2,0,6,32
20,2,0,2,33
20,2,0,3,34
20,2,0,3,35
20,2,0,0,36
20,2,0,0,37
20,2,0,1,38
20,2,0,0,39
20,2,0,3,40
20,2,0,3,41
20,2,0,0,42
21,2,0,0,1
21,2,0,6,2
21,2,0,1,3
21,2,0,3,4
21,2,0,2,5
21,2,0,4,6
21,2,0,3,7
21,2,0,5,8
21,2,0,1,9
21,2,0,1,10
21,2,0,1,11
21,2,0,3,12
21,2,0,2,13
21,2,0,5,14
21,2,0,1,15
21,2,0,0,16
21,2,0,2,17
21,2,0,3,18
21,2,0,3,19
21,2,0,3,20
21,2,0,3,21
21,2,0,4,22
21,2,0,2,23
21,2,0,1,24
21,2,0,3,25
21,2,0,2,26
21,2,0,0,27
21,2,0,2,28
21,2,0,5,29
21,2,0,3,30
21,2,0,3,31
21,2,0,1,32
21,2,0,2,33
21,2,0,4,34
21,2,0,2,35
21,2,0,0,36
21,2,0,3,37
21,2,0,3,38
21,2,0,0,39
21,2,0,1,40
21,2,0,3,41
21,2,0,0,42
22,1,0,0,1
22,1,0,0,2
22,1,0,3,3
22,1,0,1,4
22,1,0,2,5
22,1,0,5,6
22,1,0,3,7
22,1,0,1,8
22,1,0,3,9
22,1,0,3,10
22,1,0,1,11
22,1,0,1,12
22,1,0,1,13
22,1,0,1,14
22,1,0,0,15
22,1,0,1,16
22,1,0,4,17
22,1,0,1,18
22,1,0,1,19
22,1,0,1,20
22,1,0,2,21
22,1,0,4,22
22,1,0,4,23
22,1,0,5,24
22,1,0,1,25
22,1,0,0,26
22,1,0,3,27
22,1,0,6,28
22,1,0,1,29
22,1,0,3,30
22,1,0,2,31
22,1,0,5,32
22,1,0,2,33
22,1,0,2,34
22,1,0,2,35
22,1,0,7,36
22,1,0,1,37
22,1,0,3,38
22,1,0,3,39
22,1,0,1,40
22,1,0,0,41
22,1,0,4,42
23,2,0,3,1
23,2,0,4,2
23,2,0,4,3
23,2,0,4,4
23,2,0,5,5
23,2,0,4,6
23,2,0,4,7
23,2,0,1,8
23,2,0,4,9
23,2,0,8,10
23,2,0,3,11
23,2,0,8,12
23,2,0,2,13
23,2,0,5,14
23,2,0,3,15
23,2,0,4,16
23,2,0,0,17
23,2,0,1,18
23,2,0,4,19
23,2,0,1,20
23,2,0,3,21
23,2,0,0,22
23,2,0,3,23
23,2,0,3,24
23,2,0,0,25
23,2,0,1,26
23,2,0,3,27
23,2,0,1,28
23,2,0,2,29
23,2,0,1,30
23,2,0,2,31
23,2,0,2,32
23,2,0,2,33
23,2,0,0,34
23,2,0,5,35
23,2,0,2,36
23,2,0,6,37
23,2,0,1,38
23,2,0,2,39
23,2,0,2,40
23,2,0,1,41
23,2,0,0,42
24,2,0,8,1
24,2,0,4,2
24,2,0,3,3
24,2,0,3,4
24,2,0,2,5
24,2,0,9,6
24,2,0,1,7
24,2,0,0,8
24,2,0,6,9
24,2,0,6,10
24,2,0,1,11
24,2,0,1,12
24,2,0,0,13
24,2,0,1,14
24,2,0,5,15
24,2,0,5,16
24,2,0,4,17
24,2,0,3,18
24,2,0,4,19
24,2,0,3,20
24,2,0,4,21
24,2,0,2,22
24,2,0,2,23
24,2,0,0,24
24,2,0,1,25
24,2,0,2,26
24,2,0,8,27
24,2,0,6,28
24,2,0,6,29
24,2,0,5,30
24,2,0,8,31
24,2,0,6,32
24,2,0,4,33
24,2,0,4,34
24,2,0,2,35
24,2,0,2,36
24,2,0,2,37
24,2,0,1,38
24,2,0,3,39
24,2,0,5,40
24,2,0,7,41
24,2,0,3,42
25,2,0,2,1
25,2,0,9,2
25,2,0,2,3
25,2,0,4,4
25,2,0,1,5
25,2,0,1,6
25,2,0,2,7
25,2,0,1,8
25,2,0,1,9
25,2,0,1,10
25,2,0,5,11
25,2,0,2,12
25,2,0,2,13
25,2,0,4,14
25,2,0,1,15
25,2,0,2,16
25,2,0,2,17
25,2,0,3,18
25,2,0,1,19
25,2,0,4,20
25,2,0,2,21
25,2,0,3,22
25,2,0,1,23
25,2,0,1,24
25,2,0,3,25
25,2,0,1,26
25,2,0,1,27
25,2,0,0,28
25,2,0,1,29
25,2,0,3,30
25,2,0,3,31
25,2,0,2,32
25,2,0,2,33
25,2,0,1,34
25,2,0,4,35
25,2,0,0,36
25,2,0,2,37
25,2,0,1,38
25,2,0,2,39
25,2,0,2,40
25,2,0,3,41
25,2,0,3,42
26,1,0,5,1
26,1,0,5,2
26,1,0,0,3
26,1,0,4,4
26,1,0,8,5
26,1,0,3,6
26,1,0,3,7
26,1,0,4,8
26,1,0,7,9
26,1,0,3,10
26,1,0,0,11
26,1,0,3,12
26,1,0,1,13
26,1,0,6,14
26,1,0,4,15
26,1,0,1,16
26,1,0,3,17
26,1,0,3,18
26,1,0,6,19
26,1,0,3,20
26,1,0,3,21
26,1,0,5,22
26,1,0,3,23
26,1,0,1,24
26,1,0,5,25
26,1,0,1,26
26,1,0,6,27
26,1,0,3,28
26,1,0,4,29
26,1,0,4,30
26,1,0,0,31
26,1,0,2,32
26,1,0,1,33
26,1,0,2,34
26,1,0,3,35
26,1,0,0,36
26,1,0,1,37
26,1,0,7,38
26,1,0,7,39
26,1,0,1,40
26,1,0,2,41
26,1,0,2,42
27,2,0,1,1
27,2,0,1,2
27,2,0,1,3
27,2,0,2,4
27,2,0,2,5
27,2,0,6,6
27,2,0,7,7
27,2,0,7,8
27,2,0,2,9
27,2,0,2,10
27,2,0,3,11
27,2,0,1,12
27,2,0,3,13
27,2,0,3,14
27,2,0,1,15
27,2,0,4,16
27,2,0,4,17
27,2,0,1,18
27,2,0,2,19
27,2,0,1,20
27,2,0,1,21
27,2,0,1,22
27,2,0,1,23
27,2,0,1,24
27,2,0,1,25
27,2,0,0,26
27,2,0,2,27
27,2,0,1,28
27,2,0,4,29
27,2,0,5,30
27,2,0,2,31
27,2,0,3,32
27,2,0,1,33
27,2,0,4,34
27,2,0,1,35
27,2,0,9,36
27,2,0,1,37
27,2,0,0,38
27,2,0,2,39
27,2,0,2,40
27,2,0,3,41
27,2,0,2,42
28,2,0,0,1
28,2,0,2,2
28,2,0,5,3
28,2,0,4,4
28,2,0,3,5
28,2,0,3,6
28,2,0,3,7
28,2,0,2,8
28,2,0,2,9
28,2,0,3,10
28,2,0,4,11
28,2,0,3,12
28,2,0,4,13
28,2,0,2,14
28,2,0,2,15
28,2,0,2,16
28,2,0,2,17
28,2,0,0,18
28,2,0,1,19
28,2,0,3,20
28,2,0,1,21
28,2,0,2,22
28,2,0,3,23
28,2,0,1,24
28,2,0,6,25
28,2,0,5,26
28,2,0,1,27
28,2,0,1,28
28,2,0,1,29
28,2,0,2,30
28,2,0,3,31
28,2,0,4,32
28,2,0,4,33
28,2,0,1,34
28,2,0,6,35
28,2,0,1,36
28,2,0,0,37
28,2,0,2,38
28,2,0,4,39
28,2,0,2,40
28,2,0,2,41
28,2,0,1,42
29,2,0,5,1
29,2,0,7,2
29,2,0,4,3
29,2,0,5,4
29,2,0,6,5
29,2,0,3,6
29,2,0,2,7
29,2,0,0,8
29,2,0,3,9
29,2,0,3,10
29,2,0,4,11
29,2,0,3,12
29,2,0,4,13
29,2,0,3,14
29,2,0,1,15
29,2,0,1,16
29,2,0,5,17
29,2,0,2,18
29,2,0,1,19
29,2,0,2,20
29,2,0,1,21
29,2,0,1,22
29,2,0,1,23
29,2,0,4,24
29,2,0,4,25
29,2,0,3,26
29,2,0,0,27
29,2,0,2,28
29,2,0,1,29
29,2,0,6,30
29,2,0,1,31
29,2,0,2,32
29,2,0,1,33
29,2,0,3,34
29,2,0,4,35
29,2,0,4,36
29,2,0,0,37
29,2,0,0,38
29,2,0,3,39
29,2,0,3,40
29,2,0,5,41
29,2,0,1,42
30,2,0,2,1
30,2,0,1,2
30,2,0,5,3
30,2,0,5,4
30,2,0,1,5
30,2,0,1,6
30,2,0,0,7
30,2,0,4,8
30,2,0,2,9
30,2,0,6,10
30,2,0,4,11
30,2,0,4,12
30,2,0,2,13
30,2,0,0,14
30,2,0,3,15
30,2,0,4,16
30,2,0,7,17
30,2,0,4,18
30,2,0,5,19
30,2,0,0,20
30,2,0,0,21
30,2,0,2,22
30,2,0,5,23
30,2,0,1,24
30,2,0,3,25
30,2,0,0,26
30,2,0,2,27
30,2,0,4,28
30,2,0,0,29
30,2,0,1,30
30,2,0,0,31
30,2,0,1,32
30,2,0,7,33
30,2,0,3,34
30,2,0,9,35
30,2,0,3,36
30,2,0,3,37
30,2,0,6,38
30,2,0,4,39
30,2,0,0,40
30,2,0,6,41
30,2,0,0,42
31,2,0,0,1
31,2,0,3,2
31,2,0,4,3
31,2,0,9,4
31,2,0,7,5
31,2,0,2,6
31,2,0,0,7
31,2,0,1,8
31,2,0,1,9
31,2,0,2,10
31,2,0,1,11
31,2,0,0,12
31,2,0,3,13
31,2,0,2,14
31,2,0,0,15
31,2,0,1,16
31,2,0,1,17
31,2,0,7,18
31,2,0,2,19
31,2,0,1,20
31,2,0,2,21
31,2,0,2,22
31,2,0,2,23
31,2,0,0,24
31,2,0,0,25
31,2,0,6,26
31,2,0,3,27
31,2,0,2,28
31,2,0,3,29
31,2,0,2,30
31,2,0,1,31
31,2,0,1,32
31,2,0,6,33
31,2,0,1,34
31,2,0,6,35
31,2,0,5,36
31,2,0,0,37
31,2,0,3,38
31,2,0,0,39
31,2,0,1,40
31,2,0,2,41
31,2,0,2,42
32,2,0,3,1
32,2,0,7,2
32,2,0,1,3
32,2,0,5,4
32,2,0,7,5
32,2,0,8,6
32,2,0,3,7
32,2,0,0,8
32,2,0,1,9
32,2,0,1,10
32,2,0,3,11
32,2,0,7,12
32,2,0,0,13
32,2,0,2,14
32,2,0,2,15
32,2,0,3,16
32,2,0,2,17
32,2,0,5,18
32,2,0,3,19
32,2,0,5,20
32,2,0,0,21
32,2,0,7,22
32,2,0,0,23
32,2,0,0,24
32,2,0,2,25
32,2,0,2,26
32,2,0,4,27
32,2,0,4,28
32,2,0,1,29
32,2,0,1,30
32,2,0,1,31
32,2,0,3,32
32,2,0,0,33
32,2,0,3,34
32,2,0,1,35
32,2,0,2,36
32,2,0,1,37
32,2,0,6,38
32,2,0,2,39
32,2,0,1,40
32,2,0,2,41
32,2,0,6,42
33,1,0,5,1
33,1,0,3,2
33,1,0,5,3
33,1,0,8,4
33,1,0,1,5
33,1,0,3,6
33,1,0,3,7
33,1,0,7,8
33,1,0,0,9
33,1,0,2,10
33,1,0,2,11
33,1,0,1,12
33,1,0,2,13
33,1,0,3,14
33,1,0,4,15
33,1,0,1,16
33,1,0,0,17
33,1,0,6,18
33,1,0,4,19
33,1,0,1,20
33,1,0,0,21
33,1,0,3,22
33,1,0,7,23
33,1,0,6,24
33,1,0,4,25
33,1,0,2,26
33,1,0,8,27
33,1,0,2,28
33,1,0,2,29
33,1,0,0,30
33,1,0,4,31
33,1,0,3,32
33,1,0,3,33
33,1,0,2,34
33,1,0,0,35
33,1,0,2,36
33,1,0,7,37
33,1,0,2,38
33,1,0,4,39
33,1,0,1,40
33,1,0,3,41
33,1,0,0,42
34,1,0,1,1
34,1,0,4,2
34,1,0,3,3
34,1,0,5,4
34,1,0,3,5
34,1,0,2,6
34,1,0,1,7
34,1,0,1,8
34,1,0,4,9
34,1,0,4,10
34,1,0,6,11
34,1,0,7,12
34,1,0,2,13
34,1,0,5,14
34,1,0,5,15
34,1,0,3,16
34,1,0,4,17
34,1,0,3,18
34,1,0,1,19
34,1,0,3,20
34,1,0,1,21
34,1,0,2,22
34,1,0,2,23
34,1,0,0,24
34,1,0,0,25
34,1,0,1,26
34,1,0,1,27
34,1,0,1,28
34,1,0,0,29
34,1,0,0,30
34,1,0,1,31
34,1,0,1,32
34,1,0,0,33
34,1,0,2,34
34,1,0,0,35
34,1,0,2,36
34,1,0,4,37
34,1,0,0,38
34,1,0,4,39
34,1,0,1,40
34,1,0,2,41
34,1,0,2,42
35,2,0,2,1
35,2,0,2,2
35,2,0,2,3
35,2,0,2,4
35,2,0,3,5
35,2,0,4,6
35,2,0,2,7
35,2,0,3,8
35,2,0,4,9
35,2,0,3,10
35,2,0,1,11
35,2,0,1,12
35,2,0,3,13
35,2,0,3,14
35,2,0,1,15
35,2,0,2,16
35,2,0,5,17
35,2,0,3,18
35,2,0,4,19
35,2,0,5,20
35,2,0,1,21
35,2,0,1,22
35,2,0,6,23
35,2,0,4,24
35,2,0,1,25
35,2,0,2,26
35,2,0,4,27
35,2,0,0,28
35,2,0,6,29
35,2,0,2,30
35,2,0,4,31
35,2,0,0,32
35,2,0,1,33
35,2,0,1,34
35,2,0,3,35
35,2,0,2,36
35,2,0,4,37
35,2,0,1,38
35,2,0,1,39
35,2,0,1,40
35,2,0,0,41
35,2,0,1,42
36,3,0,3,1
36,3,0,2,2
36,3,0,4,3
36,3,0,9,4
36,3,0,3,5
36,3,0,4,6
36,3,0,1,7
36,3,0,3,8
36,3,0,4,9
36,3,0,1,10
36,3,0,2,11
36,3,0,1,12
36,3,0,4,13
36,3,0,0,14
36,3,0,2,15
36,3,0,3,16
36,3,0,0,17
36,3,0,6,18
36,3,0,1,19
36,3,0,0,20
36,3,0,3,21
36,3,0,2,22
36,3,0,1,23
36,3,0,5,24
36,3,0,1,25
36,3,0,1,26
36,3,0,0,27
36,3,0,1,28
36,3,0,1,29
36,3,0,3,30
36,3,0,3,31
36,3,0,3,32
36,3,0,8,33
36,3,0,1,34
36,3,0,5,35
36,3,0,0,36
36,3,0,2,37
36,3,0,3,38
36,3,0,0,39
36,3,0,0,40
36,3,0,2,41
36,3,0,0,42
37,1,0,3,1
37,1,0,4,2
37,1,0,3,3
37,1,0,4,4
37,1,0,4,5
37,1,0,2,6
37,1,0,4,7
37,1,0,2,8
37,1,0,4,9
37,1,0,2,10
37,1,0,1,11
37,1,0,2,12
37,1,0,2,13
37,1,0,1,14
37,1,0,4,15
37,1,0,4,16
37,1,0,4,17
37,1,0,0,18
37,1,0,8,19
37,1,0,2,20
37,1,0,0,21
37,1,0,1,22
37,1,0,3,23
37,1,0,3,24
37,1,0,6,25
37,1,0,5,26
37,1,0,2,27
37,1,0,3,28
37,1,0,2,29
37,1,0,9,30
37,1,0,1,31
37,1,0,4,32
37,1,0,5,33
37,1,0,1,34
37,1,0,7,35
37,1,0,0,36
37,1,0,2,37
37,1,0,2,38
37,1,0,2,39
37,1,0,2,40
37,1,0,2,41
37,1,0,7,42
38,2,0,1,1
38,2,0,2,2
38,2,0,3,3
38,2,0,1,4
38,2,0,1,5
38,2,0,1,6
38,2,0,2,7
38,2,0,1,8
38,2,0,5,9
38,2,0,4,10
38,2,0,0,11
38,2,0,2,12
38,2,0,3,13
38,2,0,2,14
38,2,0,1,15
38,2,0,1,16
38,2,0,1,17
38,2,0,4,18
38,2,0,2,19
38,2,0,0,20
38,2,0,2,21
38,2,0,0,22
38,2,0,2,23
38,2,0,2,24
38,2,0,2,25
38,2,0,2,26
38,2,0,5,27
38,2,0,1,28
38,2,0,0,29
38,2,0,1,30
38,2,0,2,31
38,2,0,2,32
38,2,0,0,33
38,2,0,3,34
38,2,0,1,35
38,2,0,0,36
38,2,0,1,37
38,2,0,0,38
38,2,0,2,39
38,2,0,5,40
38,2,0,3,41
38,2,0,0,42
39,2,0,1,1
39,2,0,0,2
39,2,0,0,3
39,2,0,5,4
39,2,0,1,5
39,2,0,2,6
39,2,0,1,7
39,2,0,2,8
39,2,0,2,9
39,2,0,3,10
39,2,0,2,11
39,2,0,7,12
39,2,0,0,13
39,2,0,0,14
39,2,0,3,15
39,2,0,1,16
39,2,0,0,17
39,2,0,1,18
39,2,0,0,19
39,2,0,1,20
39,2,0,2,21
39,2,0,2,22
39,2,0,3,23
39,2,0,0,24
39,2,0,4,25
39,2,0,1,26
39,2,0,0,27
39,2,0,1,28
39,2,0,2,29
39,2,0,0,30
39,2,0,2,31
39,2,0,4,32
39,2,0,1,33
39,2,0,3,34
39,2,0,3,35
39,2,0,1,36
39,2,0,6,37
39,2,0,2,38
39,2,0,0,39
39,2,0,4,40
39,2,0,0,41
39,2,0,0,42
40,2,0,6,1
40,2,0,0,2
40,2,0,2,3
40,2,0,0,4
40,2,0,2,5
40,2,0,4,6
40,2,0,2,7
40,2,0,1,8
40,2,0,9,9
40,2,0,1,10
40,2,0,1,11
40,2,0,5,12
40,2,0,3,13
40,2,0,3,14
40,2,0,4,15
40,2,0,0,16
40,2,0,7,17
40,2,0,1,18
40,2,0,0,19
40,2,0,1,20
40,2,0,1,21
40,2,0,1,22
40,2,0,2,23
40,2,0,2,24
40,2,0,4,25
40,2,0,2,26
40,2,0,4,27
40,2,0,6,28
40,2,0,4,29
40,2,0,1,30
40,2,0,1,31
40,2,0,2,32
40,2,0,0,33
40,2,0,0,34
40,2,0,9,35
40,2,0,5,36
40,2,0,2,37
40,2,0,8,38
40,2,0,5,39
40,2,0,6,40
40,2,0,2,41
40,2,0,1,42
41,2,0,8,1
41,2,0,3,2
41,2,0,1,3
41,2,0,1,4
41,2,0,1,5
41,2,0,2,6
41,2,0,1,7
41,2,0,1,8
41,2,0,2,9
41,2,0,6,10
41,2,0,0,11
41,2,0,5,12
41,2,0,2,13
41,2,0,4,14
41,2,0,0,15
41,2,0,4,16
41,2,0,0,17
41,2,0,2,18
41,2,0,2,19
41,2,0,1,20
41,2,0,5,21
41,2,0,0,22
41,2,0,2,23
41,2,0,1,24
41,2,0,0,25
41,2,0,0,26
41,2,0,3,27
41,2,0,2,28
41,2,0,0,29
41,2,0,3,30
41,2,0,1,31
41,2,0,2,32
41,2,0,1,33
41,2,0,3,34
41,2,0,1,35
41,2,0,4,36
41,2,0,2,37
41,2,0,5,38
41,2,0,3,39
41,2,0,1,40
41,2,0,3,41
41,2,0,5,42
42,1,0,2,1
42,1,0,1,2
42,1,0,5,3
42,1,0,0,4
42,1,0,2,5
42,1,0,1,6
42,1,0,3,7
42,1,0,3,8
42,1,0,3,9
42,1,0,3,10
42,1,0,0,11
42,1,0,2,12
42,1,0,3,13
42,1,0,2,14
42,1,0,5,15
42,1,0,6,16
42,1,0,0,17
42,1,0,5,18
42,1,0,1,19
42,1,0,2,20
42,1,0,1,21
42,1,0,5,22
42,1,0,2,23
42,1,0,1,24
42,1,0,0,25
42,1,0,1,26
42,1,0,1,27
42,1,0,5,28
42,1,0,6,29
42,1,0,0,30
42,1,0,2,31
42,1,0,3,32
42,1,0,2,33
42,1,0,2,34
42,1,0,1,35
42,1,0,1,36
42,1,0,1,37
42,1,0,1,38
42,1,0,0,39
42,1,0,1,40
42,1,0,1,41
42,1,0,4,42
43,1,0,5,1
43,1,0,2,2
43,1,0,1,3
43,1,0,3,4
43,1,0,2,5
43,1,0,8,6
43,1,0,3,7
43,1,0,5,8
43,1,0,3,9
43,1,0,3,10
43,1,0,0,11
43,1,0,1,12
43,1,0,3,13
43,1,0,6,14
43,1,0,1,15
43,1,0,3,16
43,1,0,1,17
43,1,0,2,18
43,1,0,7,19
43,1,0,3,20
43,1,0,0,21
43,1,0,4,22
43,1,0,5,23
43,1,0,2,24
43,1,0,3,25
43,1,0,4,26
43,1,0,6,27
43,1,0,1,28
43,1,0,3,29
43,1,0,3,30
43,1,0,3,31
43,1,0,2,32
43,1,0,6,33
43,1,0,1,34
43,1,0,2,35
43,1,0,3,36
43,1,0,4,37
43,1,0,2,38
43,1,0,1,39
43,1,0,7,40
43,1,0,8,41
43,1,0,1,42
44,2,0,7,1
44,2,0,1,2
44,2,0,1,3
44,2,0,1,4
44,2,0,1,5
44,2,0,3,6
44,2,0,1,7
44,2,0,1,8
44,2,0,1,9
44,2,0,1,10
44,2,0,2,11
44,2,0,2,12
44,2,0,2,13
44,2,0,2,14
44,2,0,1,15
44,2,0,1,16
44,2,0,2,17
44,2,0,4,18
44,2,0,2,19
44,2,0,0,20
44,2,0,0,21
44,2,0,1,22
44,2,0,0,23
44,2,0,1,24
44,2,0,2,25
44,2,0,1,26
44,2,0,1,27
44,2,0,1,28
44,2,0,2,29
44,2,0,3,30
44,2,0,0,31
44,2,0,1,32
44,2,0,0,33
44,2,0,0,34
44,2,0,0,35
44,2,0,1,36
44,2,0,2,37
44,2,0,2,38
44,2,0,2,39
44,2,0,1,40
44,2,0,1,41
44,2,0,1,42
45,1,0,1,1
45,1,0,5,2
45,1,0,1,3
45,1,0,7,4
45,1,0,8,5
45,1,0,1,6
45,1,0,8,7
45,1,0,2,8
45,1,0,2,9
45,1,0,4,10
45,1,0,1,11
45,1,0,2,12
45,1,0,5,13
45,1,0,3,14
45,1,0,3,15
45,1,0,0,16
45,1,0,1,17
45,1,0,3,18
45,1,0,3,19
45,1,0,5,20
45,1,0,6,21
45,1,0,1,22
45,1,0,0,23
45,1,0,0,24
45,1,0,0,25
45,1,0,2,26
45,1,0,0,27
45,1,0,1,28
45,1,0,1,29
45,1,0,1,30
45,1,0,7,31
45,1,0,4,32
45,1,0,5,33
45,1,0,2,34
45,1,0,1,35
45,1,0,3,36
45,1,0,2,37
45,1,0,2,38
45,1,0,2,39
45,1,0,2,40
45,1,0,4,41
45,1,0,0,42
46,2,0,7,1
46,2,0,1,2
46,2,0,0,3
46,2,0,1,4
46,2,0,2,5
46,2,0,1,6
46,2,0,1,7
46,2,0,2,8
46,2,0,3,9
46,2,0,1,10
46,2,0,1,11
46,2,0,5,12
46,2,0,4,13
46,2,0,6,14
46,2,0,4,15
46,2,0,1,16
46,2,0,2,17
46,2,0,1,18
46,2,0,2,19
46,2,0,4,20
46,2,0,2,21
46,2,0,3,22
46,2,0,4,23
46,2,0,1,24
46,2,0,2,25
46,2,0,1,26
46,2,0,2,27
46,2,0,2,28
46,2,0,2,29
46,2,0,4,30
46,2,0,1,31
46,2,0,1,32
46,2,0,2,33
46,2,0,5,34
46,2,0,3,35
46,2,0,0,36
46,2,0,4,37
46,2,0,6,38
46,2,0,2,39
46,2,0,4,40
46,2,0,4,41
46,2,0,4,42
47,2,0,3,1
47,2,0,1,2
47,2,0,2,3
47,2,0,2,4
47,2,0,5,5
47,2,0,1,6
47,2,0,1,7
47,2,0,5,8
47,2,0,3,9
47,2,0,1,10
47,2,0,2,11
47,2,0,1,12
47,2,0,3,13
47,2,0,2,14
47,2,0,2,15
47,2,0,3,16
47,2,0,3,17
47,2,0,0,18
47,2,0,8,19
47,2,0,1,20
47,2,0,0,21
47,2,0,1,22
47,2,0,3,23
47,2,0,2,24
47,2,0,1,25
47,2,0,1,26
47,2,0,2,27
47,2,0,1,28
47,2,0,2,29
47,2,0,1,30
47,2,0,1,31
47,2,0,6,32
47,2,0,1,33
47,2,0,2,34
47,2,0,0,35
47,2,0,2,36
47,2,0,4,37
47,2,0,6,38
47,2,0,3,39
47,2,0,2,40
47,2,0,3,41
47,2,0,7,42
48,2,0,2,1
48,2,0,4,2
48,2,0,3,3
48,2,0,0,4
48,2,0,4,5
48,2,0,1,6
48,2,0,2,7
48,2,0,1,8
48,2,0,2,9
48,2,0,7,10
48,2,0,0,11
48,2,0,0,12
48,2,0,1,13
48,2,0,0,14
48,2,0,0,15
48,2,0,1,16
48,2,0,1,17
48,2,0,3,18
48,2,0,5,19
48,2,0,3,20
48,2,0,3,21
48,2,0,0,22
48,2,0,0,23
48,2,0,2,24
48,2,0,4,25
48,2,0,1,26
48,2,0,0,27
48,2,0,2,28
48,2,0,1,29
48,2,0,4,30
48,2,0,0,31
48,2,0,1,32
48,2,0,0,33
48,2,0,4,34
48,2,0,4,35
48,2,0,1,36
48,2,0,0,37
48,2,0,1,38
48,2,0,0,39
48,2,0,2,40
48,2,0,0,41
48,2,0,4,42
49,2,0,3,1
49,2,0,1,2
49,2,0,3,3
49,2,0,2,4
49,2,0,2,5
49,2,0,2,6
49,2,0,0,7
49,2,0,0,8
49,2,0,1,9
49,2,0,0,10
49,2,0,3,11
49,2,0,0,12
49,2,0,3,13
49,2,0,4,14
49,2,0,3,15
49,2,0,1,16
49,2,0,2,17
49,2,0,2,18
49,2,0,1,19
49,2,0,6,20
49,2,0,2,21
49,2,0,2,22
49,2,0,0,23
49,2,0,2,24
49,2,0,1,25
49,2,0,2,26
49,2,0,0,27
49,2,0,4,28
49,2,0,2,29
49,2,0,1,30
49,2,0,2,31
49,2,0,3,32
49,2,0,4,33
49,2,0,2,34
49,2,0,4,35
49,2,0,2,36
49,2,0,1,37
49,2,0,4,38
49,2,0,2,39
49,2,0,3,40
49,2,0,5,41
49,2,0,6,42
50,2,0,10,1
50,2,0,2,2
50,2,0,1,3
50,2,0,2,4
50,2,0,1,5
50,2,0,1,6
50,2,0,2,7
50,2,0,2,8
50,2,0,2,9
50,2,0,3,10
50,2,0,5,11
50,2,0,3,12
50,2,0,1,13
50,2,0,0,14
50,2,0,1,15
50,2,0,1,16
50,2,0,1,17
50,2,0,1,18
50,2,0,1,19
50,2,0,3,20
50,2,0,2,21
50,2,0,4,22
50,2,0,4,23
50,2,0,3,24
50,2,0,3,25
50,2,0,0,26
50,2,0,1,27
50,2,0,3,28
50,2,0,4,29
50,2,0,2,30
50,2,0,1,31
50,2,0,1,32
50,2,0,1,33
50,2,0,3,34
50,2,0,4,35
50,2,0,0,36
50,2,0,1,37
50,2,0,0,38
50,2,0,5,39
50,2,0,2,40
50,2,0,1,41
50,2,0,1,42
51,2,0,2,1
51,2,0,3,2
51,2,0,3,3
51,2,0,3,4
51,2,0,6,5
51,2,0,2,6
51,2,0,3,7
51,2,0,1,8
51,2,0,0,9
51,2,0,0,10
51,2,0,4,11
51,2,0,0,12
51,2,0,2,13
51,2,0,1,14
51,2,0,3,15
51,2,0,0,16
51,2,0,4,17
51,2,0,5,18
51,2,0,1,19
51,2,0,1,20
51,2,0,1,21
51,2,0,5,22
51,2,0,4,23
51,2,0,0,24
51,2,0,1,25
51,2,0,1,26
51,2,0,1,27
51,2,0,3,28
51,2,0,4,29
51,2,0,1,30
51,2,0,1,31
51,2,0,1,32
51,2,0,8,33
51,2,0,2,34
51,2,0,1,35
51,2,0,2,36
51,2,0,3,37
51,2,0,4,38
51,2,0,1,39
51,2,0,2,40
51,2,0,3,41
51,2,0,2,42
52,2,0,2,1
52,2,0,2,2
52,2,0,3,3
52,2,0,2,4
52,2,0,2,5
52,2,0,1,6
52,2,0,5,7
52,2,0,1,8
52,2,0,4,9
52,2,0,2,10
52,2,0,1,11
52,2,0,4,12
52,2,0,1,13
52,2,0,2,14
52,2,0,2,15
52,2,0,5,16
52,2,0,2,17
52,2,0,3,18
52,2,0,1,19
52,2,0,1,20
52,2,0,3,21
52,2,0,1,22
52,2,0,2,23
52,2,0,3,24
52,2,0,2,25
52,2,0,0,26
52,2,0,3,27
52,2,0,2,28
52,2,0,1,29
52,2,0,4,30
52,2,0,0,31
52,2,0,1,32
52,2,0,2,33
52,2,0,0,34
52,2,0,2,35
52,2,0,0,36
52,2,0,7,37
52,2,0,4,38
52,2,0,2,39
52,2,0,3,40
52,2,0,4,41
52,2,0,1,42
53,2,0,3,1
53,2,0,7,2
53,2,0,3,3
53,2,0,0,4
53,2,0,5,5
53,2,0,0,6
53,2,0,2,7
53,2,0,4,8
53,2,0,1,9
53,2,0,0,10
53,2,0,0,11
53,2,0,0,12
53,2,0,0,13
53,2,0,6,14
53,2,0,5,15
53,2,0,2,16
53,2,0,1,17
53,2,0,0,18
53,2,0,0,19
53,2,0,0,20
53,2,0,3,21
53,2,0,2,22
53,2,0,3,23
53,2,0,4,24
53,2,0,8,25
53,2,0,2,26
53,2,0,0,27
53,2,0,1,28
53,2,0,2,29
53,2,0,6,30
53,2,0,2,31
53,2,0,0,32
53,2,0,2,33
53,2,0,0,34
53,2,0,3,35
53,2,0,0,36
53,2,0,2,37
53,2,0,2,38
53,2,0,2,39
53,2,0,1,40
53,2,0,1,41
53,2,0,0,42
54,2,0,4,1
54,2,0,1,2
54,2,0,2,3
54,2,0,2,4
54,2,0,3,5
54,2,0,1,6
54,2,0,1,7
54,2,0,1,8
54,2,0,1,9
54,2,0,1,10
54,2,0,1,11
54,2,0,8,12
54,2,0,2,13
54,2,0,4,14
54,2,0,4,15
54,2,0,0,16
54,2,0,2,17
54,2,0,1,18
54,2,0,5,19
54,2,0,3,20
54,2,0,0,21
54,2,0,3,22
54,2,0,2,23
54,2,0,0,24
54,2,0,1,25
54,2,0,3,26
54,2,0,3,27
54,2,0,0,28
54,2,0,0,29
54,2,0,5,30
54,2,0,2,31
54,2,0,3,32
54,2,0,0,33
54,2,0,0,34
54,2,0,2,35
54,2,0,5,36
54,2,0,1,37
54,2,0,1,38
54,2,0,3,39
54,2,0,3,40
54,2,0,1,41
54,2,0,3,42
55,2,0,6,1
55,2,0,1,2
55,2,0,3,3
55,2,0,3,4
55,2,0,5,5
55,2,0,3,6
55,2,0,0,7
55,2,0,3,8
55,2,0,2,9
55,2,0,4,10
55,2,0,2,11
55,2,0,4,12
55,2,0,3,13
55,2,0,3,14
55,2,0,3,15
55,2,0,0,16
55,2,0,4,17
55,2,0,3,18
55,2,0,3,19
55,2,0,2,20
55,2,0,1,21
55,2,0,3,22
55,2,0,5,23
55,2,0,3,24
55,2,0,5,25
55,2,0,2,26
55,2,0,0,27
55,2,0,1,28
55,2,0,5,29
55,2,0,5,30
55,2,0,1,31
55,2,0,2,32
55,2,0,1,33
55,2,0,0,34
55,2,0,2,35
55,2,0,5,36
55,2,0,3,37
55,2,0,4,38
55,2,0,3,39
55,2,0,4,40
55,2,0,1,41
55,2,0,2,42
56,2,0,0,1
56,2,0,5,2
56,2,0,1,3
56,2,0,2,4
56,2,0,1,5
56,2,0,3,6
56,2,0,6,7
56,2,0,8,8
56,2,0,3,9
56,2,0,2,10
56,2,0,7,11
56,2,0,4,12
56,2,0,0,13
56,2,0,0,14
56,2,0,2,15
56,2,0,0,16
56,2,0,2,17
56,2,0,5,18
56,2,0,5,19
56,2,0,0,20
56,2,0,2,21
56,2,0,2,22
56,2,0,2,23
56,2,0,2,24
56,2,0,2,25
56,2,0,2,26
56,2,0,0,27
56,2,0,3,28
56,2,0,1,29
56,2,0,1,30
56,2,0,1,31
56,2,0,1,32
56,2,0,1,33
56,2,0,3,34
56,2,0,2,35
56,2,0,0,36
56,2,0,2,37
56,2,0,2,38
56,2,0,1,39
56,2,0,1,40
56,2,0,4,41
56,2,0,1,42
57,2,0,2,1
57,2,0,3,2
57,2,0,1,3
57,2,0,2,4
57,2,0,2,5
57,2,0,2,6
57,2,0,3,7
57,2,0,3,8
57,2,0,1,9
57,2,0,1,10
57,2,0,1,11
57,2,0,2,12
57,2,0,2,13
57,2,0,3,14
57,2,0,1,15
57,2,0,3,16
57,2,0,0,17
57,2,0,0,18
57,2,0,1,19
57,2,0,0,20
57,2,0,2,21
57,2,0,1,22
57,2,0,3,23
57,2,0,1,24
57,2,0,1,25
57,2,0,0,26
57,2,0,1,27
57,2,0,1,28
57,2,0,5,29
57,2,0,1,30
57,2,0,1,31
57,2,0,1,32
57,2,0,2,33
57,2,0,1,34
57,2,0,0,35
57,2,0,0,36
57,2,0,1,37
57,2,0,4,38
57,2,0,4,39
57,2,0,1,40
57,2,0,4,41
57,2,0,1,42
58,2,0,2,1
58,2,0,3,2
58,2,0,2,3
58,2,0,3,4
58,2,0,5,5
58,2,0,3,6
58,2,0,0,7
58,2,0,5,8
58,2,0,0,9
58,2,0,3,10
58,2,0,3,11
58,2,0,2,12
58,2,0,2,13
58,2,0,3,14
58,2,0,2,15
58,2,0,2,16
58,2,0,4,17
58,2,0,2,18
58,2,0,3,19
58,2,0,1,20
58,2,0,0,21
58,2,0,4,22
58,2,0,2,23
58,2,0,0,24
58,2,0,2,25
58,2,0,5,26
58,2,0,0,27
58,2,0,5,28
58,2,0,0,29
58,2,0,0,30
58,2,0,2,31
58,2,0,2,32
58,2,0,1,33
58,2,0,1,34
58,2,0,0,35
58,2,0,1,36
58,2,0,3,37
58,2,0,2,38
58,2,0,4,39
58,2,0,3,40
58,2,0,1,41
58,2,0,2,42
59,2,0,3,1
59,2,0,2,2
59,2,0,6,3
59,2,0,4,4
59,2,0,2,5
59,2,0,7,6
59,2,0,4,7
59,2,0,1,8
59,2,0,0,9
59,2,0,5,10
59,2,0,3,11
59,2,0,2,12
59,2,0,0,13
59,2,0,5,14
59,2,0,2,15
59,2,0,3,16
59,2,0,4,17
59,2,0,7,18
59,2,0,4,19
59,2,0,8,20
59,2,0,3,21
59,2,0,4,22
59,2,0,2,23
59,2,0,4,24
59,2,0,1,25
59,2,0,3,26
59,2,0,0,27
59,2,0,1,28
59,2,0,1,29
59,2,0,2,30
59,2,0,2,31
59,2,0,1,32
59,2,0,1,33
59,2,0,4,34
59,2,0,4,35
59,2,0,2,36
59,2,0,4,37
59,2,0,6,38
59,2,0,7,39
59,2,0,2,40
59,2,0,1,41
59,2,0,5,42
60,2,0,2,1
60,2,0,2,2
60,2,0,3,3
60,2,0,6,4
60,2,0,1,5
60,2,0,3,6
60,2,0,2,7
60,2,0,3,8
60,2,0,2,9
60,2,0,2,10
60,2,0,2,11
60,2,0,1,12
60,2,0,1,13
60,2,0,1,14
60,2,0,4,15
60,2,0,3,16
60,2,0,0,17
60,2,0,4,18
60,2,0,4,19
60,2,0,0,20
60,2,0,1,21
60,2,0,6,22
60,2,0,2,23
60,2,0,2,24
60,2,0,1,25
60,2,0,1,26
60,2,0,1,27
60,2,0,5,28
60,2,0,1,29
60,2,0,3,30
60,2,0,1,31
60,2,0,3,32
60,2,0,4,33
60,2,0,2,34
60,2,0,0,35
60,2,0,1,36
60,2,0,4,37
60,2,0,4,38
60,2,0,0,39
60,2,0,1,40
60,2,0,3,41
60,2,0,3,42
61,1,0,7,1
61,1,0,5,2
61,1,0,2,3
61,1,0,4,4
61,1,0,0,5
61,1,0,4,6
61,1,0,0,7
61,1,0,2,8
61,1,0,1,9
61,1,0,1,10
61,1,0,5,11
61,1,0,5,12
61,1,0,1,13
61,1,0,1,14
61,1,0,2,15
61,1,0,1,16
61,1,0,3,17
61,1,0,0,18
61,1,0,0,19
61,1,0,0,20
61,1,0,3,21
61,1,0,1,22
61,1,0,4,23
61,1,0,5,24
61,1,0,3,25
61,1,0,3,26
61,1,0,1,27
61,1,0,3,28
61,1,0,3,29
61,1,0,1,30
61,1,0,4,31
61,1,0,1,32
61,1,0,2,33
61,1,0,4,34
61,1,0,4,35
61,1,0,1,36
61,1,0,5,37
61,1,0,1,38
61,1,0,0,39
61,1,0,0,40
61,1,0,0,41
61,1,0,2,42
62,2,0,3,1
62,2,0,4,2
62,2,0,1,3
62,2,0,7,4
62,2,0,3,5
62,2,0,0,6
62,2,0,1,7
62,2,0,4,8
62,2,0,0,9
62,2,0,5,10
62,2,0,2,11
62,2,0,1,12
62,2,0,2,13
62,2,0,5,14
62,2,0,1,15
62,2,0,2,16
62,2,0,3,17
62,2,0,1,18
62,2,0,2,19
62,2,0,0,20
62,2,0,0,21
62,2,0,3,22
62,2,0,2,23
62,2,0,2,24
62,2,0,1,25
62,2,0,3,26
62,2,0,3,27
62,2,0,0,28
62,2,0,1,29
62,2,0,5,30
62,2,0,5,31
62,2,0,1,32
62,2,0,1,33
62,2,0,3,34
62,2,0,1,35
62,2,0,5,36
62,2,0,1,37
62,2,0,1,38
62,2,0,1,39
62,2,0,2,40
62,2,0,1,41
62,2,0,2,42
63,1,0,0,1
63,1,0,8,2
63,1,0,3,3
63,1,0,4,4
63,1,0,2,5
63,1,0,0,6
63,1,0,3,7
63,1,0,3,8
63,1,0,3,9
63,1,0,2,10
63,1,0,4,11
63,1,0,6,12
63,1,0,0,13
63,1,0,1,14
63,1,0,1,15
63,1,0,1,16
63,1,0,0,17
63,1,0,4,18
63,1,0,2,19
63,1,0,0,20
63,1,0,1,21
63,1,0,4,22
63,1,0,0,23
63,1,0,0,24
63,1,0,3,25
63,1,0,2,26
63,1,0,2,27
63,1,0,3,28
63,1,0,2,29
63,1,0,2,30
63,1,0,2,31
63,1,0,3,32
63,1,0,0,33
63,1,0,0,34
63,1,0,1,35
63,1,0,1,36
63,1,0,1,37
63,1,0,1,38
63,1,0,1,39
63,1,0,1,40
63,1,0,1,41
63,1,0,0,42
64,2,0,1,1
64,2,0,2,2
64,2,0,3,3
64,2,0,2,4
64,2,0,3,5
64,2,0,8,6
64,2,0,6,7
64,2,0,1,8
64,2,0,0,9
64,2,0,1,10
64,2,0,2,11
64,2,0,2,12
64,2,0,5,13
64,2,0,1,14
64,2,0,5,15
64,2,0,3,16
64,2,0,1,17
64,2,0,3,18
64,2,0,1,19
64,2,0,1,20
64,2,0,1,21
64,2,0,1,22
64,2,0,1,23
64,2,0,1,24
64,2,0,3,25
64,2,0,1,26
64,2,0,1,27
64,2,0,1,28
64,2,0,2,29
64,2,0,4,30
64,2,0,5,31
64,2,0,2,32
64,2,0,1,33
64,2,0,3,34
64,2,0,1,35
64,2,0,2,36
64,2,0,1,37
64,2,0,2,38
64,2,0,3,39
64,2,0,3,40
64,2,0,2,41
64,2,0,3,42
65,1,0,1,1
65,1,0,1,2
65,1,0,3,3
65,1,0,1,4
65,1,0,5,5
65,1,0,2,6
65,1,0,5,7
65,1,0,0,8
65,1,0,7,9
65,1,0,5,10
65,1,0,3,11
65,1,0,2,12
65,1,0,5,13
65,1,0,1,14
65,1,0,2,15
65,1,0,0,16
65,1,0,3,17
65,1,0,2,18
65,1,0,5,19
65,1,0,3,20
65,1,0,4,21
65,1,0,1,22
65,1,0,8,23
65,1,0,4,24
65,1,0,2,25
65,1,0,1,26
65,1,0,0,27
65,1,0,3,28
65,1,0,1,29
65,1,0,4,30
65,1,0,2,31
65,1,0,4,32
65,1,0,1,33
65,1,0,0,34
65,1,0,2,35
65,1,0,2,36
65,1,0,9,37
65,1,0,6,38
65,1,0,2,39
65,1,0,1,40
65,1,0,2,41
65,1,0,5,42
66,2,0,0,1
66,2,0,2,2
66,2,0,2,3
66,2,0,9,4
66,2,0,3,5
66,2,0,6,6
66,2,0,5,7
66,2,0,1,8
66,2,0,1,9
66,2,0,2,10
66,2,0,5,11
66,2,0,2,12
66,2,0,1,13
66,2,0,3,14
66,2,0,2,15
66,2,0,4,16
66,2,0,2,17
66,2,0,3,18
66,2,0,3,19
66,2,0,1,20
66,2,0,1,21
66,2,0,1,22
66,2,0,1,23
66,2,0,0,24
66,2,0,2,25
66,2,0,1,26
66,2,0,3,27
66,2,0,1,28
66,2,0,1,29
66,2,0,3,30
66,2,0,1,31
66,2,0,1,32
66,2,0,2,33
66,2,0,4,34
66,2,0,0,35
66,2,0,5,36
66,2,0,2,37
66,2,0,6,38
66,2,0,1,39
66,2,0,2,40
66,2,0,3,41
66,2,0,0,42
67,2,0,3,1
67,2,0,2,2
67,2,0,2,3
67,2,0,5,4
67,2,0,4,5
67,2,0,2,6
67,2,0,5,7
67,2,0,1,8
67,2,0,5,9
67,2,0,1,10
67,2,0,1,11
67,2,0,4,12
67,2,0,4,13
67,2,0,3,14
67,2,0,6,15
67,2,0,2,16
67,2,0,3,17
67,2,0,3,18
67,2,0,9,19
67,2,0,1,20
67,2,0,1,21
67,2,0,5,22
67,2,0,5,23
67,2,0,6,24
67,2,0,6,25
67,2,0,1,26
67,2,0,3,27
67,2,0,0,28
67,2,0,2,29
67,2,0,6,30
67,2,0,6,31
67,2,0,2,32
67,2,0,2,33
67,2,0,2,34
67,2,0,4,35
67,2,0,1,36
67,2,0,2,37
67,2,0,5,38
67,2,0,8,39
67,2,0,1,40
67,2,0,3,41
67,2,0,0,42
68,1,0,3,1
68,1,0,2,2
68,1,0,1,3
68,1,0,4,4
68,1,0,3,5
68,1,0,4,6
68,1,0,3,7
68,1,0,3,8
68,1,0,1,9
68,1,0,4,10
68,1,0,1,11
68,1,0,4,12
68,1,0,3,13
68,1,0,3,14
68,1,0,2,15
68,1,0,1,16
68,1,0,1,17
68,1,0,4,18
68,1,0,2,19
68,1,0,3,20
68,1,0,1,21
68,1,0,3,22
68,1,0,4,23
68,1,0,3,24
68,1,0,1,25
68,1,0,0,26
68,1,0,3,27
68,1,0,1,28
68,1,0,0,29
68,1,0,3,30
68,1,0,0,31
68,1,0,3,32
68,1,0,3,33
68,1,0,3,34
68,1,0,1,35
68,1,0,1,36
68,1,0,1,37
68,1,0,1,38
68,1,0,2,39
68,1,0,3,40
68,1,0,1,41
68,1,0,3,42
69,2,0,3,1
69,2,0,5,2
69,2,0,5,3
69,2,0,3,4
69,2,0,1,5
69,2,0,2,6
69,2,0,2,7
69,2,0,7,8
69,2,0,5,9
69,2,0,4,10
69,2,0,1,11
69,2,0,2,12
69,2,0,1,13
69,2,0,2,14
69,2,0,2,15
69,2,0,4,16
69,2,0,2,17
69,2,0,2,18
69,2,0,5,19
69,2,0,6,20
69,2,0,4,21
69,2,0,3,22
69,2,0,0,23
69,2,0,2,24
69,2,0,2,25
69,2,0,4,26
69,2,0,2,27
69,2,0,2,28
69,2,0,4,29
69,2,0,0,30
69,2,0,0,31
69,2,0,3,32
69,2,0,1,33
69,2,0,1,34
69,2,0,2,35
69,2,0,0,36
69,2,0,5,37
69,2,0,3,38
69,2,0,1,39
69,2,0,6,40
69,2,0,6,41
69,2,0,2,42
70,3,0,5,1
70,3,0,1,2
70,3,0,1,3
70,3,0,3,4
70,3,0,4,5
70,3,0,0,6
70,3,0,5,7
70,3,0,1,8
70,3,0,0,9
70,3,0,0,10
70,3,0,0,11
70,3,0,0,12
70,3,0,2,13
70,3,0,5,14
70,3,0,2,15
70,3,0,3,16
70,3,0,7,17
70,3,0,2,18
70,3,0,2,19
70,3,0,2,20
70,3,0,3,21
70,3,0,1,22
70,3,0,5,23
70,3,0,4,24
70,3,0,0,25
70,3,0,4,26
70,3,0,1,27
70,3,0,1,28
70,3,0,2,29
70,3,0,2,30
70,3,0,0,31
70,3,0,4,32
70,3,0,3,33
70,3,0,1,34
70,3,0,0,35
70,3,0,1,36
70,3,0,5,37
70,3,0,2,38
70,3,0,0,39
70,3,0,1,40
70,3,0,1,41
70,3,0,1,42
71,2,0,6,1
71,2,0,0,2
71,2,0,9,3
71,2,0,2,4
71,2,0,2,5
71,2,0,0,6
71,2,0,0,7
71,2,0,1,8
71,2,0,1,9
71,2,0,2,10
71,2,0,3,11
71,2,0,2,12
71,2,0,1,13
71,2,0,0,14
71,2,0,0,15
71,2,0,2,16
71,2,0,3,17
71,2,0,1,18
71,2,0,2,19
71,2,0,1,20
71,2,0,2,21
71,2,0,2,22
71,2,0,1,23
71,2,0,3,24
71,2,0,4,25
71,2,0,3,26
71,2,0,2,27
71,2,0,1,28
71,2,0,0,29
71,2,0,0,30
71,2,0,0,31
71,2,0,2,32
71,2,0,1,33
71,2,0,2,34
71,2,0,2,35
71,2,0,0,36
71,2,0,2,37
71,2,0,1,38
71,2,0,1,39
71,2,0,1,40
71,2,0,1,41
71,2,0,2,42
72,2,0,2,1
72,2,0,0,2
72,2,0,1,3
72,2,0,2,4
72,2,0,2,5
72,2,0,1,6
72,2,0,6,7
72,2,0,6,8
72,2,0,7,9
72,2,0,2,10
72,2,0,0,11
72,2,0,3,12
72,2,0,4,13
72,2,0,0,14
72,2,0,0,15
72,2,0,0,16
72,2,0,1,17
72,2,0,6,18
72,2,0,2,19
72,2,0,1,20
72,2,0,5,21
72,2,0,1,22
72,2,0,1,23
72,2,0,1,24
72,2,0,1,25
72,2,0,2,26
72,2,0,2,27
72,2,0,2,28
72,2,0,3,29
72,2,0,4,30
72,2,0,8,31
72,2,0,3,32
72,2,0,3,33
72,2,0,6,34
72,2,0,0,35
72,2,0,1,36
72,2,0,6,37
72,2,0,4,38
72,2,0,1,39
72,2,0,3,40
72,2,0,2,41
72,2,0,2,42
73,1,0,1,1
73,1,0,4,2
73,1,0,4,3
73,1,0,6,4
73,1,0,1,5
73,1,0,1,6
73,1,0,1,7
73,1,0,1,8
73,1,0,2,9
73,1,0,0,10
73,1,0,1,11
73,1,0,2,12
73,1,0,1,13
73,1,0,0,14
73,1,0,1,15
73,1,0,1,16
73,1,0,0,17
73,1,0,0,18
73,1,0,2,19
73,1,0,3,20
73,1,0,0,21
73,1,0,1,22
73,1,0,1,23
73,1,0,4,24
73,1,0,3,25
73,1,0,2,26
73,1,0,3,27
73,1,0,2,28
73,1,0,1,29
73,1,0,2,30
73,1,0,1,31
73,1,0,0,32
73,1,0,3,33
73,1,0,1,34
73,1,0,1,35
73,1,0,2,36
73,1,0,1,37
73,1,0,1,38
73,1,0,1,39
73,1,0,2,40
73,1,0,2,41
73,1,0,3,42
74,1,0,1,1
74,1,0,4,2
74,1,0,3,3
74,1,0,0,4
74,1,0,2,5
74,1,0,4,6
74,1,0,4,7
74,1,0,8,8
74,1,0,1,9
74,1,0,2,10
74,1,0,2,11
74,1,0,2,12
74,1,0,2,13
74,1,0,1,14
74,1,0,5,15
74,1,0,0,16
74,1,0,1,17
74,1,0,3,18
74,1,0,0,19
74,1,0,3,20
74,1,0,2,21
74,1,0,1,22
74,1,0,1,23
74,1,0,1,24
74,1,0,2,25
74,1,0,2,26
74,1,0,1,27
74,1,0,0,28
74,1,0,0,29
74,1,0,1,30
74,1,0,3,31
74,1,0,1,32
74,1,0,3,33
74,1,0,0,34
74,1,0,1,35
74,1,0,2,36
74,1,0,3,37
74,1,0,0,38
74,1,0,2,39
74,1,0,4,40
74,1,0,1,41
74,1,0,0,42
75,2,0,4,1
75,2,0,1,2
75,2,0,2,3
75,2,0,5,4
75,2,0,3,5
75,2,0,2,6
75,2,0,2,7
75,2,0,2,8
75,2,0,1,9
75,2,0,0,10
75,2,0,4,11
75,2,0,5,12
75,2,0,2,13
75,2,0,1,14
75,2,0,2,15
75,2,0,0,16
75,2,0,2,17
75,2,0,3,18
75,2,0,4,19
75,2,0,0,20
75,2,0,4,21
75,2,0,0,22
75,2,0,3,23
75,2,0,0,24
75,2,0,3,25
75,2,0,2,26
75,2,0,2,27
75,2,0,3,28
75,2,0,4,29
75,2,0,1,30
75,2,0,5,31
75,2,0,3,32
75,2,0,5,33
75,2,0,1,34
75,2,0,3,35
75,2,0,4,36
75,2,0,2,37
75,2,0,2,38
75,2,0,2,39
75,2,0,2,40
75,2,0,3,41
75,2,0,1,42
76,2,0,3,1
76,2,0,3,2
76,2,0,4,3
76,2,0,6,4
76,2,0,2,5
76,2,0,3,6
76,2,0,2,7
76,2,0,0,8
76,2,0,4,9
76,2,0,4,10
76,2,0,1,11
76,2,0,2,12
76,2,0,1,13
76,2,0,2,14
76,2,0,1,15
76,2,0,4,16
76,2,0,5,17
76,2,0,3,18
76,2,0,3,19
76,2,0,3,20
76,2,0,0,21
76,2,0,2,22
76,2,0,2,23
76,2,0,5,24
76,2,0,6,25
76,2,0,3,26
76,2,0,0,27
76,2,0,3,28
76,2,0,5,29
76,2,0,2,30
76,2,0,9,31
76,2,0,2,32
76,2,0,2,33
76,2,0,2,34
76,2,0,3,35
76,2,0,2,36
76,2,0,3,37
76,2,0,1,38
76,2,0,1,39
76,2,0,2,40
76,2,0,5,41
76,2,0,2,42
77,3,0,3,1
77,3,0,3,2
77,3,0,4,3
77,3,0,4,4
77,3,0,7,5
77,3,0,1,6
77,3,0,3,7
77,3,0,1,8
77,3,0,5,9
77,3,0,3,10
77,3,0,2,11
77,3,0,4,12
77,3,0,6,13
77,3,0,2,14
77,3,0,2,15
77,3,0,1,16
77,3,0,4,17
77,3,0,1,18
77,3,0,0,19
77,3,0,2,20
77,3,0,1,21
77,3,0,4,22
77,3,0,0,23
77,3,0,0,24
77,3,0,3,25
77,3,0,3,26
77,3,0,5,27
77,3,0,1,28
77,3,0,4,29
77,3,0,2,30
77,3,0,1,31
77,3,0,2,32
77,3,0,3,33
77,3,0,0,34
77,3,0,3,35
77,3,0,1,36
77,3,0,1,37
77,3,0,1,38
77,3,0,4,39
77,3,0,2,40
77,3,0,1,41
77,3,0,2,42
78,2,0,3,1
78,2,0,5,2
78,2,0,0,3
78,2,0,1,4
78,2,0,0,5
78,2,0,1,6
78,2,0,3,7
78,2,0,3,8
78,2,0,3,9
78,2,0,4,10
78,2,0,3,11
78,2,0,0,12
78,2,0,0,13
78,2,0,1,14
78,2,0,1,15
78,2,0,1,16
78,2,0,3,17
78,2,0,0,18
78,2,0,3,19
78,2,0,0,20
78,2,0,3,21
78,2,0,3,22
78,2,0,1,23
78,2,0,3,24
78,2,0,1,25
78,2,0,2,26
78,2,0,2,27
78,2,0,0,28
78,2,0,1,29
78,2,0,1,30
78,2,0,1,31
78,2,0,0,32
78,2,0,1,33
78,2,0,2,34
78,2,0,0,35
78,2,0,3,36
78,2,0,3,37
78,2,0,4,38
78,2,0,0,39
78,2,0,2,40
78,2,0,1,41
78,2,0,1,42
79,1,0,4,1
79,1,0,1,2
79,1,0,3,3
79,1,0,3,4
79,1,0,1,5
79,1,0,1,6
79,1,0,0,7
79,1,0,7,8
79,1,0,4,9
79,1,0,3,10
79,1,0,1,11
79,1,0,2,12
79,1,0,0,13
79,1,0,2,14
79,1,0,0,15
79,1,0,0,16
79,1,0,6,17
79,1,0,1,18
79,1,0,2,19
79,1,0,5,20
79,1,0,6,21
79,1,0,1,22
79,1,0,2,23
79,1,0,2,24
79,1,0,2,25
79,1,0,5,26
79,1,0,4,27
79,1,0,0,28
79,1,0,0,29
79,1,0,2,30
79,1,0,3,31
79,1,0,3,32
79,1,0,3,33
79,1,0,3,34
79,1,0,2,35
79,1,0,3,36
79,1,0,4,37
79,1,0,0,38
79,1,0,1,39
79,1,0,6,40
79,1,0,3,41
79,1,0,5,42
80,2,0,5,1
80,2,0,5,2
80,2,0,7,3
80,2,0,5,4
80,2,0,3,5
80,2,0,3,6
80,2,0,0,7
80,2,0,2,8
80,2,0,3,9
80,2,0,3,10
80,2,0,3,11
80,2,0,4,12
80,2,0,1,13
80,2,0,0,14
80,2,0,1,15
80,2,0,2,16
80,2,0,1,17
80,2,0,4,18
80,2,0,3,19
80,2,0,6,20
80,2,0,1,21
80,2,0,0,22
80,2,0,3,23
80,2,0,5,24
80,2,0,2,25
80,2,0,1,26
80,2,0,0,27
80,2,0,0,28
80,2,0,2,29
80,2,0,2,30
80,2,0,5,31
80,2,0,2,32
80,2,0,4,33
80,2,0,2,34
80,2,0,4,35
80,2,0,2,36
80,2,0,0,37
80,2,0,5,38
80,2,0,9,39
80,2,0,1,40
80,2,0,2,41
80,2,0,2,42
81,1,0,3,1
81,1,0,3,2
81,1,0,3,3
81,1,0,0,4
81,1,0,0,5
81,1,0,0,6
81,1,0,1,7
81,1,0,0,8
81,1,0,0,9
81,1,0,0,10
81,1,0,3,11
81,1,0,1,12
81,1,0,3,13
81,1,0,2,14
81,1,0,1,15
81,1,0,1,16
81,1,0,2,17
81,1,0,1,18
81,1,0,1,19
81,1,0,0,20
81,1,0,0,21
81,1,0,0,22
81,1,0,2,23
81,1,0,1,24
81,1,0,2,25
81,1,0,3,26
81,1,0,4,27
81,1,0,0,28
81,1,0,0,29
81,1,0,0,30
81,1,0,2,31
81,1,0,2,32
81,1,0,0,33
81,1,0,5,34
81,1,0,2,35
81,1,0,2,36
81,1,0,2,37
81,1,0,2,38
81,1,0,3,39
81,1,0,1,40
81,1,0,1,41
81,1,0,1,42
82,1,0,6,1
82,1,0,0,2
82,1,0,5,3
82,1,0,5,4
82,1,0,1,5
82,1,0,7,6
82,1,0,3,7
82,1,0,2,8
82,1,0,2,9
82,1,0,5,10
82,1,0,6,11
82,1,0,1,12
82,1,0,1,13
82,1,0,3,14
82,1,0,1,15
82,1,0,3,16
82,1,0,3,17
82,1,0,1,18
82,1,0,1,19
82,1,0,5,20
82,1,0,4,21
82,1,0,2,22
82,1,0,2,23
82,1,0,1,24
82,1,0,1,25
82,1,0,1,26
82,1,0,4,27
82,1,0,3,28
82,1,0,1,29
82,1,0,2,30
82,1,0,1,31
82,1,0,2,32
82,1,0,3,33
82,1,0,1,34
82,1,0,2,35
82,1,0,1,36
82,1,0,6,37
82,1,0,0,38
82,1,0,0,39
82,1,0,2,40
82,1,0,1,41
82,1,0,1,42
1,1,1,0,1
1,1,1,3,2
1,1,1,3,3
1,1,1,4,4
1,1,1,8,5
1,1,1,3,6
1,1,1,1,7
1,1,1,2,8
1,1,1,0,9
1,1,1,2,10
1,1,1,5,11
1,1,1,2,12
1,1,1,5,13
1,1,1,9,14
1,1,1,1,15
1,1,1,2,16
1,1,1,1,17
1,1,1,5,18
1,1,1,0,19
1,1,1,3,20
1,1,1,6,21
1,1,1,6,22
1,1,1,5,23
1,1,1,3,24
1,1,1,2,25
1,1,1,2,26
1,1,1,6,27
1,1,1,3,28
1,1,1,4,29
1,1,1,6,30
1,1,1,0,31
1,1,1,2,32
1,1,1,5,33
1,1,1,0,34
1,1,1,0,35
1,1,1,2,36
1,1,1,0,37
1,1,1,2,38
1,1,1,2,39
1,1,1,2,40
1,1,1,4,41
1,1,1,3,42
2,1,1,2,1
2,1,1,2,2
2,1,1,1,3
2,1,1,5,4
2,1,1,3,5
2,1,1,7,6
2,1,1,0,7
2,1,1,1,8
2,1,1,0,9
2,1,1,2,10
2,1,1,4,11
2,1,1,4,12
2,1,1,1,13
2,1,1,3,14
2,1,1,5,15
2,1,1,2,16
2,1,1,2,17
2,1,1,2,18
2,1,1,2,19
2,1,1,5,20
2,1,1,1,21
2,1,1,0,22
2,1,1,1,23
2,1,1,0,24
2,1,1,0,25
2,1,1,1,26
2,1,1,0,27
2,1,1,6,28
2,1,1,0,29
2,1,1,3,30
2,1,1,0,31
2,1,1,3,32
2,1,1,0,33
2,1,1,0,34
2,1,1,2,35
2,1,1,0,36
2,1,1,2,37
2,1,1,1,38
2,1,1,3,39
2,1,1,3,40
2,1,1,1,41
2,1,1,3,42
3,2,1,1,1
3,2,1,5,2
3,2,1,0,3
3,2,1,1,4
3,2,1,6,5
3,2,1,1,6
3,2,1,7,7
3,2,1,2,8
3,2,1,2,9
3,2,1,1,10
3,2,1,0,11
3,2,1,2,12
3,2,1,2,13
3,2,1,7,14
3,2,1,0,15
3,2,1,2,16
3,2,1,1,17
3,2,1,2,18
3,2,1,3,19
3,2,1,1,20
3,2,1,0,21
3,2,1,2,22
3,2,1,1,23
3,2,1,2,24
3,2,1,2,25
3,2,1,2,26
3,2,1,0,27
3,2,1,1,28
3,2,1,1,29
3,2,1,1,30
3,2,1,1,31
3,2,1,1,32
3,2,1,1,33
3,2,1,1,34
3,2,1,9,35
3,2,1,3,36
3,2,1,0,37
3,2,1,2,38
3,2,1,1,39
3,2,1,2,40
3,2,1,1,41
3,2,1,3,42
4,2,1,0,1
4,2,1,2,2
4,2,1,3,3
4,2,1,3,4
4,2,1,1,5
4,2,1,1,6
4,2,1,0,7
4,2,1,0,8
4,2,1,8,9
4,2,1,2,10
4,2,1,5,11
4,2,1,4,12
4,2,1,2,13
4,2,1,1,14
4,2,1,0,15
4,2,1,1,16
4,2,1,1,17
4,2,1,4,18
4,2,1,3,19
4,2,1,3,20
4,2,1,0,21
4,2,1,1,22
4,2,1,0,23
4,2,1,5,24
4,2,1,5,25
4,2,1,2,26
4,2,1,4,27
4,2,1,0,28
4,2,1,2,29
4,2,1,0,30
4,2,1,2,31
4,2,1,3,32
4,2,1,3,33
4,2,1,0,34
4,2,1,0,35
4,2,1,1,36
4,2,1,1,37
4,2,1,2,38
4,2,1,2,39
4,2,1,1,40
4,2,1,1,41
4,2,1,2,42
5,2,1,2,1
5,2,1,2,2
5,2,1,1,3
5,2,1,1,4
5,2,1,1,5
5,2,1,0,6
5,2,1,2,7
5,2,1,1,8
5,2,1,3,9
5,2,1,1,10
5,2,1,1,11
5,2,1,1,12
5,2,1,3,13
5,2,1,4,14
5,2,1,2,15
5,2,1,6,16
5,2,1,3,17
5,2,1,3,18
5,2,1,3,19
5,2,1,1,20
5,2,1,5,21
5,2,1,1,22
5,2,1,2,23
5,2,1,1,24
5,2,1,3,25
5,2,1,0,26
5,2,1,1,27
5,2,1,1,28
5,2,1,2,29
5,2,1,1,30
5,2,1,3,31
5,2,1,3,32
5,2,1,1,33
5,2,1,1,34
5,2,1,0,35
5,2,1,0,36
5,2,1,0,37
5,2,1,1,38
5,2,1,0,39
5,2,1,1,40
5,2,1,0,41
5,2,1,6,42
6,2,1,1,1
6,2,1,4,2
6,2,1,4,3
6,2,1,6,4
6,2,1,1,5
6,2,1,7,6
6,2,1,0,7
6,2,1,3,8
6,2,1,3,9
6,2,1,3,10
6,2,1,8,11
6,2,1,1,12
6,2,1,1,13
6,2,1,4,14
6,2,1,3,15
6,2,1,1,16
6,2,1,1,17
6,2,1,4,18
6,2,1,2,19
6,2,1,6,20
6,2,1,1,21
6,2,1,3,22
6,2,1,4,23
6,2,1,1,24
6,2,1,0,25
6,2,1,1,26
6,2,1,3,27
6,2,1,1,28
6,2,1,1,29
6,2,1,1,30
6,2,1,1,31
6,2,1,2,32
6,2,1,3,33
6,2,1,1,34
6,2,1,1,35
6,2,1,2,36
6,2,1,1,37
6,2,1,2,38
6,2,1,1,39
6,2,1,1,40
6,2,1,1,41
6,2,1,4,42
7,2,1,4,1
7,2,1,1,2
7,2,1,7,3
7,2,1,1,4
7,2,1,3,5
7,2,1,5,6
7,2,1,1,7
7,2,1,1,8
7,2,1,6,9
7,2,1,3,10
7,2,1,2,11
7,2,1,2,12
7,2,1,0,13
7,2,1,2,14
7,2,1,4,15
7,2,1,1,16
7,2,1,1,17
7,2,1,2,18
7,2,1,1,19
7,2,1,1,20
7,2,1,2,21
7,2,1,0,22
7,2,1,0,23
7,2,1,1,24
7,2,1,3,25
7,2,1,5,26
7,2,1,1,27
7,2,1,2,28
7,2,1,4,29
7,2,1,0,30
7,2,1,0,31
7,2,1,0,32
7,2,1,1,33
7,2,1,1,34
7,2,1,2,35
7,2,1,6,36
7,2,1,0,37
7,2,1,6,38
7,2,1,0,39
7,2,1,4,40
7,2,1,1,41
7,2,1,3,42
8,2,1,1,1
8,2,1,4,2
8,2,1,7,3
8,2,1,1,4
8,2,1,4,5
8,2,1,2,6
8,2,1,4,7
8,2,1,1,8
8,2,1,1,9
8,2,1,3,10
8,2,1,2,11
8,2,1,1,12
8,2,1,1,13
8,2,1,3,14
8,2,1,3,15
8,2,1,2,16
8,2,1,0,17
8,2,1,1,18
8,2,1,4,19
8,2,1,6,20
8,2,1,0,21
8,2,1,3,22
8,2,1,2,23
8,2,1,0,24
8,2,1,1,25
8,2,1,1,26
8,2,1,0,27
8,2,1,1,28
8,2,1,2,29
8,2,1,3,30
8,2,1,2,31
8,2,1,2,32
8,2,1,0,33
8,2,1,4,34
8,2,1,4,35
8,2,1,2,36
8,2,1,7,37
8,2,1,1,38
8,2,1,0,39
8,2,1,4,40
8,2,1,0,41
8,2,1,1,42
9,2,1,4,1
9,2,1,1,2
9,2,1,0,3
9,2,1,4,4
9,2,1,0,5
9,2,1,0,6
9,2,1,2,7
9,2,1,2,8
9,2,1,5,9
9,2,1,1,10
9,2,1,1,11
9,2,1,3,12
9,2,1,2,13
9,2,1,2,14
9,2,1,2,15
9,2,1,4,16
9,2,1,1,17
9,2,1,4,18
9,2,1,2,19
9,2,1,1,20
9,2,1,5,21
9,2,1,1,22
9,2,1,1,23
9,2,1,0,24
9,2,1,0,25
9,2,1,1,26
9,2,1,0,27
9,2,1,1,28
9,2,1,1,29
9,2,1,1,30
9,2,1,1,31
9,2,1,4,32
9,2,1,0,33
9,2,1,2,34
9,2,1,6,35
9,2,1,1,36
9,2,1,5,37
9,2,1,0,38
9,2,1,8,39
9,2,1,3,40
9,2,1,0,41
9,2,1,1,42
10,2,1,2,1
10,2,1,2,2
10,2,1,4,3
10,2,1,0,4
10,2,1,1,5
10,2,1,0,6
10,2,1,2,7
10,2,1,1,8
10,2,1,0,9
10,2,1,1,10
10,2,1,1,11
10,2,1,6,12
10,2,1,2,13
10,2,1,1,14
10,2,1,4,15
10,2,1,1,16
10,2,1,3,17
10,2,1,7,18
10,2,1,1,19
10,2,1,2,20
10,2,1,3,21
10,2,1,0,22
10,2,1,0,23
10,2,1,2,24
10,2,1,5,25
10,2,1,1,26
10,2,1,0,27
10,2,1,1,28
10,2,1,1,29
10,2,1,2,30
10,2,1,2,31
10,2,1,3,32
10,2,1,4,33
10,2,1,1,34
10,2,1,1,35
10,2,1,1,36
10,2,1,2,37
10,2,1,4,38
10,2,1,2,39
10,2,1,3,40
10,2,1,1,41
10,2,1,2,42
11,2,1,5,1
11,2,1,3,2
11,2,1,5,3
11,2,1,1,4
11,2,1,6,5
11,2,1,1,6
11,2,1,0,7
11,2,1,0,8
11,2,1,1,9
11,2,1,0,10
11,2,1,1,11
11,2,1,3,12
11,2,1,0,13
11,2,1,3,14
11,2,1,2,15
11,2,1,2,16
11,2,1,2,17
11,2,1,6,18
11,2,1,2,19
11,2,1,4,20
11,2,1,0,21
11,2,1,4,22
11,2,1,1,23
11,2,1,2,24
11,2,1,7,25
11,2,1,2,26
11,2,1,7,27
11,2,1,1,28
11,2,1,0,29
11,2,1,0,30
11,2,1,2,31
11,2,1,1,32
11,2,1,0,33
11,2,1,0,34
11,2,1,2,35
11,2,1,6,36
11,2,1,1,37
11,2,1,1,38
11,2,1,1,39
11,2,1,1,40
11,2,1,1,41
11,2,1,0,42
12,3,1,5,1
12,3,1,7,2
12,3,1,1,3
12,3,1,5,4
12,3,1,1,5
12,3,1,6,6
12,3,1,9,7
12,3,1,5,8
12,3,1,3,9
12,3,1,1,10
12,3,1,1,11
12,3,1,6,12
12,3,1,6,13
12,3,1,2,14
12,3,1,2,15
12,3,1,3,16
12,3,1,1,17
12,3,1,1,18
12,3,1,1,19
12,3,1,4,20
12,3,1,4,21
12,3,1,1,22
12,3,1,6,23
12,3,1,0,24
12,3,1,1,25
12,3,1,1,26
12,3,1,4,27
12,3,1,6,28
12,3,1,6,29
12,3,1,4,30
12,3,1,1,31
12,3,1,2,32
12,3,1,1,33
12,3,1,8,34
12,3,1,1,35
12,3,1,0,36
12,3,1,2,37
12,3,1,1,38
12,3,1,0,39
12,3,1,1,40
12,3,1,0,41
12,3,1,0,42
13,2,1,2,1
13,2,1,2,2
13,2,1,1,3
13,2,1,3,4
13,2,1,1,5
13,2,1,1,6
13,2,1,1,7
13,2,1,0,8
13,2,1,1,9
13,2,1,0,10
13,2,1,8,11
13,2,1,2,12
13,2,1,0,13
13,2,1,4,14
13,2,1,1,15
13,2,1,1,16
13,2,1,0,17
13,2,1,1,18
13,2,1,1,19
13,2,1,2,20
13,2,1,3,21
13,2,1,1,22
13,2,1,3,23
13,2,1,1,24
13,2,1,1,25
13,2,1,1,26
13,2,1,1,27
13,2,1,5,28
13,2,1,2,29
13,2,1,2,30
13,2,1,3,31
13,2,1,7,32
13,2,1,1,33
13,2,1,5,34
13,2,1,0,35
13,2,1,3,36
13,2,1,3,37
13,2,1,1,38
13,2,1,2,39
13,2,1,1,40
13,2,1,1,41
13,2,1,0,42
14,2,1,2,1
14,2,1,5,2
14,2,1,0,3
14,2,1,1,4
14,2,1,3,5
14,2,1,1,6
14,2,1,2,7
14,2,1,4,8
14,2,1,1,9
14,2,1,1,10
14,2,1,1,11
14,2,1,4,12
14,2,1,2,13
14,2,1,1,14
14,2,1,7,15
14,2,1,1,16
14,2,1,2,17
14,2,1,5,18
14,2,1,1,19
14,2,1,1,20
14,2,1,1,21
14,2,1,0,22
14,2,1,1,23
14,2,1,3,24
14,2,1,1,25
14,2,1,0,26
14,2,1,0,27
14,2,1,0,28
14,2,1,1,29
14,2,1,5,30
14,2,1,1,31
14,2,1,2,32
14,2,1,0,33
14,2,1,2,34
14,2,1,0,35
14,2,1,3,36
14,2,1,1,37
14,2,1,1,38
14,2,1,0,39
14,2,1,0,40
14,2,1,2,41
14,2,1,1,42
15,2,1,3,1
15,2,1,1,2
15,2,1,7,3
15,2,1,0,4
15,2,1,0,5
15,2,1,5,6
15,2,1,0,7
15,2,1,7,8
15,2,1,2,9
15,2,1,2,10
15,2,1,1,11
15,2,1,2,12
15,2,1,0,13
15,2,1,0,14
15,2,1,1,15
15,2,1,1,16
15,2,1,1,17
15,2,1,0,18
15,2,1,0,19
15,2,1,2,20
15,2,1,0,21
15,2,1,4,22
15,2,1,1,23
15,2,1,1,24
15,2,1,4,25
15,2,1,1,26
15,2,1,2,27
15,2,1,0,28
15,2,1,2,29
15,2,1,0,30
15,2,1,1,31
15,2,1,0,32
15,2,1,1,33
15,2,1,2,34
15,2,1,4,35
15,2,1,1,36
15,2,1,1,37
15,2,1,1,38
15,2,1,2,39
15,2,1,0,40
15,2,1,0,41
15,2,1,0,42
16,1,1,6,1
16,1,1,0,2
16,1,1,1,3
16,1,1,2,4
16,1,1,0,5
16,1,1,1,6
16,1,1,0,7
16,1,1,2,8
16,1,1,2,9
16,1,1,2,10
16,1,1,2,11
16,1,1,2,12
16,1,1,6,13
16,1,1,1,14
16,1,1,2,15
16,1,1,2,16
16,1,1,0,17
16,1,1,1,18
16,1,1,2,19
16,1,1,1,20
16,1,1,1,21
16,1,1,0,22
16,1,1,1,23
16,1,1,3,24
16,1,1,1,25
16,1,1,1,26
16,1,1,0,27
16,1,1,1,28
16,1,1,4,29
16,1,1,1,30
16,1,1,5,31
16,1,1,2,32
16,1,1,2,33
16,1,1,2,34
16,1,1,3,35
16,1,1,1,36
16,1,1,0,37
16,1,1,1,38
16,1,1,0,39
16,1,1,3,40
16,1,1,2,41
16,1,1,1,42
17,2,1,2,1
17,2,1,0,2
17,2,1,7,3
17,2,1,1,4
17,2,1,4,5
17,2,1,2,6
17,2,1,1,7
17,2,1,1,8
17,2,1,1,9
17,2,1,1,10
17,2,1,2,11
17,2,1,1,12
17,2,1,2,13
17,2,1,3,14
17,2,1,0,15
17,2,1,1,16
17,2,1,0,17
17,2,1,6,18
17,2,1,0,19
17,2,1,0,20
17,2,1,2,21
17,2,1,2,22
17,2,1,1,23
17,2,1,1,24
17,2,1,0,25
17,2,1,1,26
17,2,1,0,27
17,2,1,1,28
17,2,1,1,29
17,2,1,0,30
17,2,1,4,31
17,2,1,2,32
17,2,1,3,33
17,2,1,4,34
17,2,1,0,35
17,2,1,1,36
17,2,1,1,37
17,2,1,1,38
17,2,1,1,39
17,2,1,0,40
17,2,1,0,41
17,2,1,1,42
18,2,1,2,1
18,2,1,3,2
18,2,1,6,3
18,2,1,3,4
18,2,1,3,5
18,2,1,1,6
18,2,1,2,7
18,2,1,4,8
18,2,1,4,9
18,2,1,3,10
18,2,1,2,11
18,2,1,1,12
18,2,1,1,13
18,2,1,1,14
18,2,1,0,15
18,2,1,0,16
18,2,1,3,17
18,2,1,4,18
18,2,1,2,19
18,2,1,2,20
18,2,1,1,21
18,2,1,3,22
18,2,1,1,23
18,2,1,1,24
18,2,1,1,25
18,2,1,0,26
18,2,1,2,27
18,2,1,2,28
18,2,1,1,29
18,2,1,2,30
18,2,1,3,31
18,2,1,2,32
18,2,1,0,33
18,2,1,3,34
18,2,1,1,35
18,2,1,0,36
18,2,1,3,37
18,2,1,0,38
18,2,1,2,39
18,2,1,0,40
18,2,1,1,41
18,2,1,2,42
19,2,1,0,1
19,2,1,7,2
19,2,1,0,3
19,2,1,5,4
19,2,1,4,5
19,2,1,0,6
19,2,1,0,7
19,2,1,1,8
19,2,1,0,9
19,2,1,1,10
19,2,1,0,11
19,2,1,4,12
19,2,1,2,13
19,2,1,1,14
19,2,1,1,15
19,2,1,2,16
19,2,1,8,17
19,2,1,0,18
19,2,1,1,19
19,2,1,1,20
19,2,1,2,21
19,2,1,0,22
19,2,1,1,23
19,2,1,0,24
19,2,1,2,25
19,2,1,1,26
19,2,1,1,27
19,2,1,1,28
19,2,1,3,29
19,2,1,0,30
19,2,1,2,31
19,2,1,3,32
19,2,1,3,33
19,2,1,2,34
19,2,1,2,35
19,2,1,0,36
19,2,1,2,37
19,2,1,0,38
19,2,1,2,39
19,2,1,3,40
19,2,1,2,41
19,2,1,0,42
20,2,1,2,1
20,2,1,3,2
20,2,1,2,3
20,2,1,0,4
20,2,1,2,5
20,2,1,0,6
20,2,1,2,7
20,2,1,1,8
20,2,1,3,9
20,2,1,2,10
20,2,1,4,11
20,2,1,1,12
20,2,1,2,13
20,2,1,5,14
20,2,1,2,15
20,2,1,1,16
20,2,1,2,17
20,2,1,1,18
20,2,1,1,19
20,2,1,2,20
20,2,1,3,21
20,2,1,2,22
20,2,1,1,23
20,2,1,1,24
20,2,1,0,25
20,2,1,1,26
20,2,1,3,27
20,2,1,3,28
20,2,1,1,29
20,2,1,1,30
20,2,1,1,31
20,2,1,0,32
20,2,1,4,33
20,2,1,1,34
20,2,1,3,35
20,2,1,1,36
20,2,1,1,37
20,2,1,0,38
20,2,1,4,39
20,2,1,6,40
20,2,1,1,41
20,2,1,1,42
21,2,1,6,1
21,2,1,8,2
21,2,1,1,3
21,2,1,3,4
21,2,1,1,5
21,2,1,3,6
21,2,1,2,7
21,2,1,2,8
21,2,1,0,9
21,2,1,1,10
21,2,1,3,11
21,2,1,2,12
21,2,1,0,13
21,2,1,0,14
21,2,1,2,15
21,2,1,4,16
21,2,1,3,17
21,2,1,1,18
21,2,1,1,19
21,2,1,0,20
21,2,1,2,21
21,2,1,1,22
21,2,1,5,23
21,2,1,1,24
21,2,1,3,25
21,2,1,3,26
21,2,1,2,27
21,2,1,0,28
21,2,1,2,29
21,2,1,1,30
21,2,1,0,31
21,2,1,0,32
21,2,1,1,33
21,2,1,1,34
21,2,1,1,35
21,2,1,4,36
21,2,1,3,37
21,2,1,1,38
21,2,1,2,39
21,2,1,2,40
21,2,1,0,41
21,2,1,3,42
22,1,1,5,1
22,1,1,2,2
22,1,1,1,3
22,1,1,2,4
22,1,1,0,5
22,1,1,1,6
22,1,1,4,7
22,1,1,1,8
22,1,1,0,9
22,1,1,1,10
22,1,1,3,11
22,1,1,3,12
22,1,1,1,13
22,1,1,4,14
22,1,1,2,15
22,1,1,3,16
22,1,1,1,17
22,1,1,0,18
22,1,1,1,19
22,1,1,1,20
22,1,1,2,21
22,1,1,1,22
22,1,1,1,23
22,1,1,1,24
22,1,1,3,25
22,1,1,0,26
22,1,1,3,27
22,1,1,2,28
22,1,1,2,29
22,1,1,1,30
22,1,1,2,31
22,1,1,0,32
22,1,1,0,33
22,1,1,2,34
22,1,1,3,35
22,1,1,1,36
22,1,1,3,37
22,1,1,0,38
22,1,1,4,39
22,1,1,4,40
22,1,1,1,41
22,1,1,1,42
23,2,1,1,1
23,2,1,1,2
23,2,1,1,3
23,2,1,0,4
23,2,1,0,5
23,2,1,2,6
23,2,1,4,7
23,2,1,5,8
23,2,1,3,9
23,2,1,3,10
23,2,1,0,11
23,2,1,3,12
23,2,1,5,13
23,2,1,3,14
23,2,1,4,15
23,2,1,2,16
23,2,1,4,17
23,2,1,2,18
23,2,1,3,19
23,2,1,2,20
23,2,1,4,21
23,2,1,2,22
23,2,1,2,23
23,2,1,3,24
23,2,1,6,25
23,2,1,2,26
23,2,1,2,27
23,2,1,0,28
23,2,1,1,29
23,2,1,2,30
23,2,1,0,31
23,2,1,0,32
23,2,1,1,33
23,2,1,1,34
23,2,1,2,35
23,2,1,1,36
23,2,1,0,37
23,2,1,3,38
23,2,1,7,39
23,2,1,9,40
23,2,1,1,41
23,2,1,0,42
24,2,1,1,1
24,2,1,5,2
24,2,1,8,3
24,2,1,5,4
24,2,1,8,5
24,2,1,7,6
24,2,1,1,7
24,2,1,2,8
24,2,1,6,9
24,2,1,1,10
24,2,1,6,11
24,2,1,2,12
24,2,1,5,13
24,2,1,6,14
24,2,1,8,15
24,2,1,7,16
24,2,1,2,17
24,2,1,0,18
24,2,1,7,19
24,2,1,5,20
24,2,1,2,21
24,2,1,1,22
24,2,1,8,23
24,2,1,9,24
24,2,1,6,25
24,2,1,0,26
24,2,1,9,27
24,2,1,8,28
24,2,1,8,29
24,2,1,0,30
24,2,1,8,31
24,2,1,2,32
24,2,1,1,33
24,2,1,8,34
24,2,1,6,35
24,2,1,8,36
24,2,1,4,37
24,2,1,8,38
24,2,1,3,39
24,2,1,6,40
24,2,1,7,41
24,2,1,0,42
25,2,1,7,1
25,2,1,2,2
25,2,1,1,3
25,2,1,2,4
25,2,1,3,5
25,2,1,4,6
25,2,1,2,7
25,2,1,3,8
25,2,1,1,9
25,2,1,2,10
25,2,1,2,11
25,2,1,7,12
25,2,1,2,13
25,2,1,3,14
25,2,1,6,15
25,2,1,1,16
25,2,1,1,17
25,2,1,2,18
25,2,1,2,19
25,2,1,1,20
25,2,1,6,21
25,2,1,1,22
25,2,1,1,23
25,2,1,3,24
25,2,1,5,25
25,2,1,1,26
25,2,1,6,27
25,2,1,4,28
25,2,1,3,29
25,2,1,1,30
25,2,1,1,31
25,2,1,0,32
25,2,1,7,33
25,2,1,0,34
25,2,1,1,35
25,2,1,7,36
25,2,1,2,37
25,2,1,7,38
25,2,1,1,39
25,2,1,0,40
25,2,1,2,41
25,2,1,4,42
26,1,1,1,1
26,1,1,1,2
26,1,1,3,3
26,1,1,5,4
26,1,1,6,5
26,1,1,2,6
26,1,1,5,7
26,1,1,0,8
26,1,1,3,9
26,1,1,5,10
26,1,1,7,11
26,1,1,3,12
26,1,1,0,13
26,1,1,4,14
26,1,1,0,15
26,1,1,4,16
26,1,1,1,17
26,1,1,2,18
26,1,1,3,19
26,1,1,7,20
26,1,1,1,21
26,1,1,5,22
26,1,1,1,23
26,1,1,8,24
26,1,1,3,25
26,1,1,7,26
26,1,1,5,27
26,1,1,5,28
26,1,1,1,29
26,1,1,1,30
26,1,1,1,31
26,1,1,4,32
26,1,1,2,33
26,1,1,2,34
26,1,1,2,35
26,1,1,5,36
26,1,1,4,37
26,1,1,1,38
26,1,1,3,39
26,1,1,4,40
26,1,1,1,41
26,1,1,1,42
27,2,1,6,1
27,2,1,1,2
27,2,1,1,3
27,2,1,1,4
27,2,1,2,5
27,2,1,2,6
27,2,1,3,7
27,2,1,1,8
27,2,1,2,9
27,2,1,0,10
27,2,1,1,11
27,2,1,1,12
27,2,1,0,13
27,2,1,0,14
27,2,1,1,15
27,2,1,4,16
27,2,1,2,17
27,2,1,1,18
27,2,1,2,19
27,2,1,4,20
27,2,1,0,21
27,2,1,2,22
27,2,1,1,23
27,2,1,0,24
27,2,1,7,25
27,2,1,1,26
27,2,1,0,27
27,2,1,2,28
27,2,1,2,29
27,2,1,0,30
27,2,1,1,31
27,2,1,0,32
27,2,1,5,33
27,2,1,2,34
27,2,1,0,35
27,2,1,1,36
27,2,1,3,37
27,2,1,1,38
27,2,1,4,39
27,2,1,2,40
27,2,1,2,41
27,2,1,0,42
28,2,1,1,1
28,2,1,2,2
28,2,1,2,3
28,2,1,5,4
28,2,1,1,5
28,2,1,1,6
28,2,1,1,7
28,2,1,1,8
28,2,1,2,9
28,2,1,3,10
28,2,1,1,11
28,2,1,1,12
28,2,1,0,13
28,2,1,1,14
28,2,1,2,15
28,2,1,0,16
28,2,1,2,17
28,2,1,1,18
28,2,1,3,19
28,2,1,1,20
28,2,1,3,21
28,2,1,4,22
28,2,1,0,23
28,2,1,1,24
28,2,1,4,25
28,2,1,1,26
28,2,1,2,27
28,2,1,0,28
28,2,1,0,29
28,2,1,0,30
28,2,1,1,31
28,2,1,0,32
28,2,1,1,33
28,2,1,0,34
28,2,1,0,35
28,2,1,1,36
28,2,1,4,37
28,2,1,0,38
28,2,1,1,39
28,2,1,1,40
28,2,1,1,41
28,2,1,0,42
29,2,1,3,1
29,2,1,1,2
29,2,1,2,3
29,2,1,1,4
29,2,1,1,5
29,2,1,6,6
29,2,1,1,7
29,2,1,4,8
29,2,1,3,9
29,2,1,1,10
29,2,1,1,11
29,2,1,3,12
29,2,1,2,13
29,2,1,0,14
29,2,1,1,15
29,2,1,6,16
29,2,1,1,17
29,2,1,0,18
29,2,1,2,19
29,2,1,1,20
29,2,1,1,21
29,2,1,8,22
29,2,1,4,23
29,2,1,6,24
29,2,1,2,25
29,2,1,1,26
29,2,1,0,27
29,2,1,5,28
29,2,1,0,29
29,2,1,2,30
29,2,1,2,31
29,2,1,1,32
29,2,1,1,33
29,2,1,1,34
29,2,1,2,35
29,2,1,2,36
29,2,1,2,37
29,2,1,2,38
29,2,1,0,39
29,2,1,0,40
29,2,1,1,41
29,2,1,0,42
30,2,1,1,1
30,2,1,4,2
30,2,1,1,3
30,2,1,3,4
30,2,1,1,5
30,2,1,2,6
30,2,1,1,7
30,2,1,0,8
30,2,1,2,9
30,2,1,4,10
30,2,1,1,11
30,2,1,5,12
30,2,1,4,13
30,2,1,1,14
30,2,1,0,15
30,2,1,5,16
30,2,1,3,17
30,2,1,1,18
30,2,1,3,19
30,2,1,1,20
30,2,1,2,21
30,2,1,0,22
30,2,1,3,23
30,2,1,1,24
30,2,1,2,25
30,2,1,1,26
30,2,1,1,27
30,2,1,5,28
30,2,1,2,29
30,2,1,0,30
30,2,1,3,31
30,2,1,3,32
30,2,1,0,33
30,2,1,2,34
30,2,1,3,35
30,2,1,1,36
30,2,1,4,37
30,2,1,1,38
30,2,1,3,39
30,2,1,3,40
30,2,1,0,41
30,2,1,1,42
31,2,1,1,1
31,2,1,2,2
31,2,1,1,3
31,2,1,3,4
31,2,1,4,5
31,2,1,0,6
31,2,1,1,7
31,2,1,6,8
31,2,1,0,9
31,2,1,2,10
31,2,1,0,11
31,2,1,1,12
31,2,1,4,13
31,2,1,5,14
31,2,1,0,15
31,2,1,3,16
31,2,1,1,17
31,2,1,0,18
31,2,1,2,19
31,2,1,2,20
31,2,1,1,21
31,2,1,1,22
31,2,1,2,23
31,2,1,1,24
31,2,1,2,25
31,2,1,1,26
31,2,1,1,27
31,2,1,4,28
31,2,1,5,29
31,2,1,4,30
31,2,1,0,31
31,2,1,3,32
31,2,1,4,33
31,2,1,1,34
31,2,1,1,35
31,2,1,1,36
31,2,1,0,37
31,2,1,0,38
31,2,1,0,39
31,2,1,4,40
31,2,1,1,41
31,2,1,3,42
32,2,1,3,1
32,2,1,0,2
32,2,1,4,3
32,2,1,2,4
32,2,1,6,5
32,2,1,4,6
32,2,1,0,7
32,2,1,1,8
32,2,1,1,9
32,2,1,1,10
32,2,1,2,11
32,2,1,6,12
32,2,1,7,13
32,2,1,2,14
32,2,1,0,15
32,2,1,0,16
32,2,1,3,17
32,2,1,0,18
32,2,1,2,19
32,2,1,2,20
32,2,1,2,21
32,2,1,8,22
32,2,1,0,23
32,2,1,1,24
32,2,1,1,25
32,2,1,3,26
32,2,1,0,27
32,2,1,1,28
32,2,1,2,29
32,2,1,2,30
32,2,1,1,31
32,2,1,1,32
32,2,1,1,33
32,2,1,0,34
32,2,1,2,35
32,2,1,4,36
32,2,1,0,37
32,2,1,4,38
32,2,1,0,39
32,2,1,0,40
32,2,1,0,41
32,2,1,0,42
33,1,1,3,1
33,1,1,2,2
33,1,1,2,3
33,1,1,3,4
33,1,1,1,5
33,1,1,2,6
33,1,1,1,7
33,1,1,1,8
33,1,1,1,9
33,1,1,5,10
33,1,1,1,11
33,1,1,0,12
33,1,1,1,13
33,1,1,3,14
33,1,1,7,15
33,1,1,3,16
33,1,1,2,17
33,1,1,2,18
33,1,1,2,19
33,1,1,1,20
33,1,1,7,21
33,1,1,4,22
33,1,1,0,23
33,1,1,2,24
33,1,1,2,25
33,1,1,3,26
33,1,1,3,27
33,1,1,3,28
33,1,1,4,29
33,1,1,2,30
33,1,1,7,31
33,1,1,5,32
33,1,1,8,33
33,1,1,2,34
33,1,1,1,35
33,1,1,5,36
33,1,1,2,37
33,1,1,3,38
33,1,1,3,39
33,1,1,2,40
33,1,1,2,41
33,1,1,1,42
34,1,1,3,1
34,1,1,2,2
34,1,1,0,3
34,1,1,5,4
34,1,1,1,5
34,1,1,1,6
34,1,1,6,7
34,1,1,0,8
34,1,1,4,9
34,1,1,3,10
34,1,1,4,11
34,1,1,2,12
34,1,1,2,13
34,1,1,3,14
34,1,1,2,15
34,1,1,2,16
34,1,1,2,17
34,1,1,6,18
34,1,1,3,19
34,1,1,3,20
34,1,1,1,21
34,1,1,1,22
34,1,1,1,23
34,1,1,7,24
34,1,1,3,25
34,1,1,6,26
34,1,1,2,27
34,1,1,5,28
34,1,1,1,29
34,1,1,3,30
34,1,1,2,31
34,1,1,2,32
34,1,1,1,33
34,1,1,6,34
34,1,1,0,35
34,1,1,3,36
34,1,1,0,37
34,1,1,0,38
34,1,1,4,39
34,1,1,8,40
34,1,1,1,41
34,1,1,0,42
35,2,1,4,1
35,2,1,2,2
35,2,1,3,3
35,2,1,1,4
35,2,1,6,5
35,2,1,7,6
35,2,1,3,7
35,2,1,1,8
35,2,1,1,9
35,2,1,1,10
35,2,1,3,11
35,2,1,0,12
35,2,1,3,13
35,2,1,4,14
35,2,1,1,15
35,2,1,2,16
35,2,1,1,17
35,2,1,2,18
35,2,1,3,19
35,2,1,5,20
35,2,1,6,21
35,2,1,1,22
35,2,1,1,23
35,2,1,0,24
35,2,1,0,25
35,2,1,2,26
35,2,1,0,27
35,2,1,5,28
35,2,1,0,29
35,2,1,1,30
35,2,1,1,31
35,2,1,1,32
35,2,1,1,33
35,2,1,3,34
35,2,1,1,35
35,2,1,0,36
35,2,1,0,37
35,2,1,1,38
35,2,1,1,39
35,2,1,1,40
35,2,1,0,41
35,2,1,3,42
36,3,1,3,1
36,3,1,5,2
36,3,1,1,3
36,3,1,1,4
36,3,1,5,5
36,3,1,5,6
36,3,1,2,7
36,3,1,4,8
36,3,1,6,9
36,3,1,4,10
36,3,1,1,11
36,3,1,1,12
36,3,1,0,13
36,3,1,2,14
36,3,1,2,15
36,3,1,2,16
36,3,1,3,17
36,3,1,5,18
36,3,1,2,19
36,3,1,2,20
36,3,1,3,21
36,3,1,3,22
36,3,1,4,23
36,3,1,6,24
36,3,1,1,25
36,3,1,3,26
36,3,1,4,27
36,3,1,0,28
36,3,1,1,29
36,3,1,3,30
36,3,1,7,31
36,3,1,2,32
36,3,1,1,33
36,3,1,6,34
36,3,1,3,35
36,3,1,4,36
36,3,1,1,37
36,3,1,2,38
36,3,1,2,39
36,3,1,3,40
36,3,1,0,41
36,3,1,1,42
37,1,1,7,1
37,1,1,3,2
37,1,1,2,3
37,1,1,0,4
37,1,1,2,5
37,1,1,1,6
37,1,1,3,7
37,1,1,0,8
37,1,1,2,9
37,1,1,2,10
37,1,1,2,11
37,1,1,5,12
37,1,1,8,13
37,1,1,7,14
37,1,1,0,15
37,1,1,2,16
37,1,1,4,17
37,1,1,3,18
37,1,1,1,19
37,1,1,3,20
37,1,1,1,21
37,1,1,0,22
37,1,1,1,23
37,1,1,1,24
37,1,1,1,25
37,1,1,0,26
37,1,1,5,27
37,1,1,2,28
37,1,1,1,29
37,1,1,0,30
37,1,1,1,31
37,1,1,2,32
37,1,1,3,33
37,1,1,3,34
37,1,1,1,35
37,1,1,4,36
37,1,1,7,37
37,1,1,2,38
37,1,1,3,39
37,1,1,2,40
37,1,1,2,41
37,1,1,1,42
38,2,1,3,1
38,2,1,2,2
38,2,1,1,3
38,2,1,3,4
38,2,1,3,5
38,2,1,3,6
38,2,1,3,7
38,2,1,2,8
38,2,1,4,9
38,2,1,1,10
38,2,1,1,11
38,2,1,1,12
38,2,1,1,13
38,2,1,5,14
38,2,1,1,15
38,2,1,3,16
38,2,1,0,17
38,2,1,3,18
38,2,1,0,19
38,2,1,3,20
38,2,1,1,21
38,2,1,3,22
38,2,1,0,23
38,2,1,0,24
38,2,1,3,25
38,2,1,1,26
38,2,1,1,27
38,2,1,3,28
38,2,1,4,29
38,2,1,5,30
38,2,1,1,31
38,2,1,2,32
38,2,1,2,33
38,2,1,2,34
38,2,1,1,35
38,2,1,2,36
38,2,1,5,37
38,2,1,6,38
38,2,1,0,39
38,2,1,1,40
38,2,1,1,41
38,2,1,0,42
39,2,1,6,1
39,2,1,4,2
39,2,1,5,3
39,2,1,1,4
39,2,1,4,5
39,2,1,2,6
39,2,1,2,7
39,2,1,4,8
39,2,1,5,9
39,2,1,1,10
39,2,1,4,11
39,2,1,3,12
39,2,1,0,13
39,2,1,1,14
39,2,1,1,15
39,2,1,1,16
39,2,1,7,17
39,2,1,0,18
39,2,1,8,19
39,2,1,1,20
39,2,1,1,21
39,2,1,4,22
39,2,1,2,23
39,2,1,1,24
39,2,1,2,25
39,2,1,5,26
39,2,1,2,27
39,2,1,6,28
39,2,1,3,29
39,2,1,3,30
39,2,1,1,31
39,2,1,2,32
39,2,1,3,33
39,2,1,7,34
39,2,1,0,35
39,2,1,0,36
39,2,1,0,37
39,2,1,4,38
39,2,1,2,39
39,2,1,3,40
39,2,1,2,41
39,2,1,2,42
40,2,1,1,1
40,2,1,4,2
40,2,1,0,3
40,2,1,0,4
40,2,1,4,5
40,2,1,7,6
40,2,1,2,7
40,2,1,1,8
40,2,1,2,9
40,2,1,0,10
40,2,1,0,11
40,2,1,1,12
40,2,1,1,13
40,2,1,1,14
40,2,1,4,15
40,2,1,5,16
40,2,1,4,17
40,2,1,2,18
40,2,1,2,19
40,2,1,0,20
40,2,1,2,21
40,2,1,1,22
40,2,1,2,23
40,2,1,3,24
40,2,1,0,25
40,2,1,2,26
40,2,1,3,27
40,2,1,6,28
40,2,1,4,29
40,2,1,4,30
40,2,1,3,31
40,2,1,6,32
40,2,1,0,33
40,2,1,4,34
40,2,1,2,35
40,2,1,0,36
40,2,1,1,37
40,2,1,3,38
40,2,1,1,39
40,2,1,1,40
40,2,1,3,41
40,2,1,6,42
41,2,1,1,1
41,2,1,2,2
41,2,1,3,3
41,2,1,4,4
41,2,1,1,5
41,2,1,0,6
41,2,1,0,7
41,2,1,4,8
41,2,1,0,9
41,2,1,5,10
41,2,1,7,11
41,2,1,3,12
41,2,1,5,13
41,2,1,3,14
41,2,1,2,15
41,2,1,4,16
41,2,1,3,17
41,2,1,4,18
41,2,1,2,19
41,2,1,3,20
41,2,1,6,21
41,2,1,5,22
41,2,1,1,23
41,2,1,7,24
41,2,1,3,25
41,2,1,1,26
41,2,1,2,27
41,2,1,1,28
41,2,1,0,29
41,2,1,1,30
41,2,1,5,31
41,2,1,2,32
41,2,1,0,33
41,2,1,4,34
41,2,1,4,35
41,2,1,0,36
41,2,1,2,37
41,2,1,2,38
41,2,1,0,39
41,2,1,1,40
41,2,1,0,41
41,2,1,4,42
42,1,1,1,1
42,1,1,1,2
42,1,1,1,3
42,1,1,2,4
42,1,1,1,5
42,1,1,2,6
42,1,1,0,7
42,1,1,2,8
42,1,1,9,9
42,1,1,0,10
42,1,1,1,11
42,1,1,1,12
42,1,1,2,13
42,1,1,2,14
42,1,1,3,15
42,1,1,1,16
42,1,1,1,17
42,1,1,0,18
42,1,1,0,19
42,1,1,4,20
42,1,1,0,21
42,1,1,0,22
42,1,1,5,23
42,1,1,1,24
42,1,1,1,25
42,1,1,0,26
42,1,1,2,27
42,1,1,1,28
42,1,1,3,29
42,1,1,1,30
42,1,1,2,31
42,1,1,4,32
42,1,1,3,33
42,1,1,2,34
42,1,1,0,35
42,1,1,1,36
42,1,1,0,37
42,1,1,1,38
42,1,1,2,39
42,1,1,0,40
42,1,1,1,41
42,1,1,0,42
43,1,1,5,1
43,1,1,0,2
43,1,1,0,3
43,1,1,1,4
43,1,1,0,5
43,1,1,6,6
43,1,1,0,7
43,1,1,7,8
43,1,1,3,9
43,1,1,7,10
43,1,1,9,11
43,1,1,1,12
43,1,1,5,13
43,1,1,6,14
43,1,1,6,15
43,1,1,2,16
43,1,1,4,17
43,1,1,1,18
43,1,1,5,19
43,1,1,6,20
43,1,1,1,21
43,1,1,1,22
43,1,1,5,23
43,1,1,2,24
43,1,1,2,25
43,1,1,5,26
43,1,1,4,27
43,1,1,1,28
43,1,1,2,29
43,1,1,3,30
43,1,1,1,31
43,1,1,1,32
43,1,1,4,33
43,1,1,1,34
43,1,1,5,35
43,1,1,3,36
43,1,1,5,37
43,1,1,5,38
43,1,1,2,39
43,1,1,1,40
43,1,1,1,41
43,1,1,1,42
44,2,1,8,1
44,2,1,6,2
44,2,1,2,3
44,2,1,2,4
44,2,1,0,5
44,2,1,1,6
44,2,1,4,7
44,2,1,2,8
44,2,1,3,9
44,2,1,3,10
44,2,1,1,11
44,2,1,1,12
44,2,1,1,13
44,2,1,1,14
44,2,1,1,15
44,2,1,1,16
44,2,1,2,17
44,2,1,3,18
44,2,1,2,19
44,2,1,3,20
44,2,1,3,21
44,2,1,4,22
44,2,1,3,23
44,2,1,2,24
44,2,1,1,25
44,2,1,1,26
44,2,1,2,27
44,2,1,4,28
44,2,1,2,29
44,2,1,2,30
44,2,1,1,31
44,2,1,0,32
44,2,1,4,33
44,2,1,0,34
44,2,1,2,35
44,2,1,1,36
44,2,1,7,37
44,2,1,1,38
44,2,1,0,39
44,2,1,0,40
44,2,1,0,41
44,2,1,1,42
45,1,1,1,1
45,1,1,0,2
45,1,1,1,3
45,1,1,6,4
45,1,1,3,5
45,1,1,1,6
45,1,1,0,7
45,1,1,1,8
45,1,1,3,9
45,1,1,0,10
45,1,1,3,11
45,1,1,7,12
45,1,1,4,13
45,1,1,1,14
45,1,1,2,15
45,1,1,4,16
45,1,1,1,17
45,1,1,4,18
45,1,1,0,19
45,1,1,2,20
45,1,1,1,21
45,1,1,3,22
45,1,1,1,23
45,1,1,1,24
45,1,1,3,25
45,1,1,2,26
45,1,1,1,27
45,1,1,5,28
45,1,1,2,29
45,1,1,2,30
45,1,1,1,31
45,1,1,3,32
45,1,1,5,33
45,1,1,1,34
45,1,1,1,35
45,1,1,2,36
45,1,1,0,37
45,1,1,3,38
45,1,1,5,39
45,1,1,1,40
45,1,1,0,41
45,1,1,2,42
46,2,1,5,1
46,2,1,1,2
46,2,1,3,3
46,2,1,2,4
46,2,1,3,5
46,2,1,0,6
46,2,1,2,7
46,2,1,2,8
46,2,1,0,9
46,2,1,1,10
46,2,1,1,11
46,2,1,2,12
46,2,1,2,13
46,2,1,1,14
46,2,1,1,15
46,2,1,1,16
46,2,1,1,17
46,2,1,1,18
46,2,1,1,19
46,2,1,2,20
46,2,1,4,21
46,2,1,5,22
46,2,1,1,23
46,2,1,0,24
46,2,1,2,25
46,2,1,1,26
46,2,1,0,27
46,2,1,1,28
46,2,1,0,29
46,2,1,3,30
46,2,1,3,31
46,2,1,2,32
46,2,1,1,33
46,2,1,2,34
46,2,1,2,35
46,2,1,1,36
46,2,1,4,37
46,2,1,1,38
46,2,1,4,39
46,2,1,1,40
46,2,1,2,41
46,2,1,0,42
47,2,1,1,1
47,2,1,0,2
47,2,1,2,3
47,2,1,2,4
47,2,1,4,5
47,2,1,0,6
47,2,1,3,7
47,2,1,2,8
47,2,1,3,9
47,2,1,1,10
47,2,1,0,11
47,2,1,3,12
47,2,1,1,13
47,2,1,1,14
47,2,1,2,15
47,2,1,2,16
47,2,1,1,17
47,2,1,2,18
47,2,1,2,19
47,2,1,3,20
47,2,1,0,21
47,2,1,1,22
47,2,1,3,23
47,2,1,1,24
47,2,1,0,25
47,2,1,0,26
47,2,1,4,27
47,2,1,3,28
47,2,1,2,29
47,2,1,1,30
47,2,1,1,31
47,2,1,1,32
47,2,1,2,33
47,2,1,0,34
47,2,1,1,35
47,2,1,2,36
47,2,1,0,37
47,2,1,1,38
47,2,1,4,39
47,2,1,1,40
47,2,1,2,41
47,2,1,4,42
48,2,1,3,1
48,2,1,3,2
48,2,1,0,3
48,2,1,1,4
48,2,1,5,5
48,2,1,5,6
48,2,1,1,7
48,2,1,3,8
48,2,1,2,9
48,2,1,2,10
48,2,1,5,11
48,2,1,1,12
48,2,1,5,13
48,2,1,1,14
48,2,1,3,15
48,2,1,1,16
48,2,1,3,17
48,2,1,3,18
48,2,1,2,19
48,2,1,1,20
48,2,1,4,21
48,2,1,0,22
48,2,1,0,23
48,2,1,0,24
48,2,1,2,25
48,2,1,1,26
48,2,1,1,27
48,2,1,0,28
48,2,1,0,29
48,2,1,2,30
48,2,1,0,31
48,2,1,1,32
48,2,1,1,33
48,2,1,1,34
48,2,1,2,35
48,2,1,0,36
48,2,1,1,37
48,2,1,1,38
48,2,1,2,39
48,2,1,2,40
48,2,1,0,41
48,2,1,2,42
49,2,1,2,1
49,2,1,4,2
49,2,1,5,3
49,2,1,1,4
49,2,1,1,5
49,2,1,6,6
49,2,1,1,7
49,2,1,6,8
49,2,1,2,9
49,2,1,4,10
49,2,1,2,11
49,2,1,1,12
49,2,1,0,13
49,2,1,0,14
49,2,1,0,15
49,2,1,2,16
49,2,1,5,17
49,2,1,3,18
49,2,1,1,19
49,2,1,1,20
49,2,1,4,21
49,2,1,1,22
49,2,1,0,23
49,2,1,2,24
49,2,1,3,25
49,2,1,3,26
49,2,1,3,27
49,2,1,1,28
49,2,1,0,29
49,2,1,0,30
49,2,1,0,31
49,2,1,3,32
49,2,1,1,33
49,2,1,3,34
49,2,1,2,35
49,2,1,1,36
49,2,1,1,37
49,2,1,0,38
49,2,1,1,39
49,2,1,9,40
49,2,1,2,41
49,2,1,2,42
50,2,1,4,1
50,2,1,1,2
50,2,1,1,3
50,2,1,6,4
50,2,1,1,5
50,2,1,3,6
50,2,1,0,7
50,2,1,3,8
50,2,1,6,9
50,2,1,0,10
50,2,1,2,11
50,2,1,1,12
50,2,1,3,13
50,2,1,0,14
50,2,1,2,15
50,2,1,0,16
50,2,1,0,17
50,2,1,3,18
50,2,1,4,19
50,2,1,2,20
50,2,1,0,21
50,2,1,0,22
50,2,1,0,23
50,2,1,2,24
50,2,1,1,25
50,2,1,2,26
50,2,1,1,27
50,2,1,1,28
50,2,1,1,29
50,2,1,2,30
50,2,1,2,31
50,2,1,1,32
50,2,1,1,33
50,2,1,0,34
50,2,1,1,35
50,2,1,1,36
50,2,1,0,37
50,2,1,0,38
50,2,1,0,39
50,2,1,4,40
50,2,1,0,41
50,2,1,2,42
51,2,1,3,1
51,2,1,5,2
51,2,1,3,3
51,2,1,2,4
51,2,1,2,5
51,2,1,2,6
51,2,1,2,7
51,2,1,1,8
51,2,1,1,9
51,2,1,0,10
51,2,1,3,11
51,2,1,3,12
51,2,1,2,13
51,2,1,1,14
51,2,1,0,15
51,2,1,0,16
51,2,1,4,17
51,2,1,2,18
51,2,1,1,19
51,2,1,0,20
51,2,1,1,21
51,2,1,3,22
51,2,1,1,23
51,2,1,2,24
51,2,1,3,25
51,2,1,1,26
51,2,1,0,27
51,2,1,2,28
51,2,1,3,29
51,2,1,3,30
51,2,1,4,31
51,2,1,2,32
51,2,1,2,33
51,2,1,1,34
51,2,1,4,35
51,2,1,2,36
51,2,1,3,37
51,2,1,1,38
51,2,1,0,39
51,2,1,2,40
51,2,1,1,41
51,2,1,2,42
52,2,1,1,1
52,2,1,1,2
52,2,1,6,3
52,2,1,2,4
52,2,1,1,5
52,2,1,3,6
52,2,1,2,7
52,2,1,4,8
52,2,1,6,9
52,2,1,6,10
52,2,1,5,11
52,2,1,1,12
52,2,1,3,13
52,2,1,5,14
52,2,1,1,15
52,2,1,2,16
52,2,1,2,17
52,2,1,3,18
52,2,1,3,19
52,2,1,0,20
52,2,1,5,21
52,2,1,4,22
52,2,1,1,23
52,2,1,0,24
52,2,1,3,25
52,2,1,1,26
52,2,1,1,27
52,2,1,1,28
52,2,1,1,29
52,2,1,1,30
52,2,1,5,31
52,2,1,2,32
52,2,1,0,33
52,2,1,0,34
52,2,1,1,35
52,2,1,1,36
52,2,1,4,37
52,2,1,2,38
52,2,1,1,39
52,2,1,0,40
52,2,1,4,41
52,2,1,1,42
53,2,1,1,1
53,2,1,5,2
53,2,1,6,3
53,2,1,6,4
53,2,1,1,5
53,2,1,2,6
53,2,1,3,7
53,2,1,0,8
53,2,1,1,9
53,2,1,3,10
53,2,1,3,11
53,2,1,1,12
53,2,1,6,13
53,2,1,4,14
53,2,1,3,15
53,2,1,2,16
53,2,1,5,17
53,2,1,3,18
53,2,1,6,19
53,2,1,1,20
53,2,1,4,21
53,2,1,1,22
53,2,1,3,23
53,2,1,6,24
53,2,1,7,25
53,2,1,6,26
53,2,1,2,27
53,2,1,1,28
53,2,1,2,29
53,2,1,6,30
53,2,1,1,31
53,2,1,5,32
53,2,1,7,33
53,2,1,1,34
53,2,1,4,35
53,2,1,1,36
53,2,1,0,37
53,2,1,2,38
53,2,1,2,39
53,2,1,0,40
53,2,1,4,41
53,2,1,5,42
54,2,1,4,1
54,2,1,0,2
54,2,1,2,3
54,2,1,3,4
54,2,1,1,5
54,2,1,2,6
54,2,1,0,7
54,2,1,0,8
54,2,1,3,9
54,2,1,1,10
54,2,1,0,11
54,2,1,1,12
54,2,1,6,13
54,2,1,3,14
54,2,1,1,15
54,2,1,2,16
54,2,1,1,17
54,2,1,1,18
54,2,1,1,19
54,2,1,1,20
54,2,1,2,21
54,2,1,3,22
54,2,1,4,23
54,2,1,3,24
54,2,1,0,25
54,2,1,4,26
54,2,1,3,27
54,2,1,1,28
54,2,1,0,29
54,2,1,0,30
54,2,1,0,31
54,2,1,2,32
54,2,1,0,33
54,2,1,1,34
54,2,1,2,35
54,2,1,2,36
54,2,1,1,37
54,2,1,2,38
54,2,1,3,39
54,2,1,5,40
54,2,1,1,41
54,2,1,1,42
55,2,1,1,1
55,2,1,1,2
55,2,1,6,3
55,2,1,2,4
55,2,1,0,5
55,2,1,1,6
55,2,1,4,7
55,2,1,0,8
55,2,1,6,9
55,2,1,6,10
55,2,1,2,11
55,2,1,1,12
55,2,1,0,13
55,2,1,1,14
55,2,1,1,15
55,2,1,5,16
55,2,1,2,17
55,2,1,0,18
55,2,1,3,19
55,2,1,0,20
55,2,1,4,21
55,2,1,0,22
55,2,1,1,23
55,2,1,2,24
55,2,1,2,25
55,2,1,0,26
55,2,1,2,27
55,2,1,1,28
55,2,1,3,29
55,2,1,1,30
55,2,1,2,31
55,2,1,0,32
55,2,1,1,33
55,2,1,3,34
55,2,1,1,35
55,2,1,4,36
55,2,1,1,37
55,2,1,1,38
55,2,1,3,39
55,2,1,1,40
55,2,1,1,41
55,2,1,1,42
56,2,1,4,1
56,2,1,4,2
56,2,1,3,3
56,2,1,1,4
56,2,1,2,5
56,2,1,4,6
56,2,1,1,7
56,2,1,6,8
56,2,1,1,9
56,2,1,4,10
56,2,1,4,11
56,2,1,1,12
56,2,1,3,13
56,2,1,4,14
56,2,1,1,15
56,2,1,1,16
56,2,1,1,17
56,2,1,4,18
56,2,1,0,19
56,2,1,1,20
56,2,1,4,21
56,2,1,3,22
56,2,1,6,23
56,2,1,3,24
56,2,1,4,25
56,2,1,4,26
56,2,1,4,27
56,2,1,1,28
56,2,1,2,29
56,2,1,1,30
56,2,1,5,31
56,2,1,3,32
56,2,1,3,33
56,2,1,1,34
56,2,1,1,35
56,2,1,1,36
56,2,1,2,37
56,2,1,1,38
56,2,1,4,39
56,2,1,6,40
56,2,1,2,41
56,2,1,1,42
57,2,1,3,1
57,2,1,3,2
57,2,1,2,3
57,2,1,2,4
57,2,1,9,5
57,2,1,0,6
57,2,1,7,7
57,2,1,1,8
57,2,1,4,9
57,2,1,1,10
57,2,1,5,11
57,2,1,0,12
57,2,1,2,13
57,2,1,2,14
57,2,1,7,15
57,2,1,1,16
57,2,1,1,17
57,2,1,0,18
57,2,1,2,19
57,2,1,5,20
57,2,1,2,21
57,2,1,5,22
57,2,1,5,23
57,2,1,2,24
57,2,1,3,25
57,2,1,3,26
57,2,1,2,27
57,2,1,1,28
57,2,1,3,29
57,2,1,2,30
57,2,1,0,31
57,2,1,1,32
57,2,1,1,33
57,2,1,0,34
57,2,1,2,35
57,2,1,1,36
57,2,1,0,37
57,2,1,1,38
57,2,1,2,39
57,2,1,0,40
57,2,1,0,41
57,2,1,1,42
58,2,1,1,1
58,2,1,2,2
58,2,1,3,3
58,2,1,1,4
58,2,1,4,5
58,2,1,8,6
58,2,1,2,7
58,2,1,0,8
58,2,1,2,9
58,2,1,2,10
58,2,1,0,11
58,2,1,0,12
58,2,1,0,13
58,2,1,3,14
58,2,1,3,15
58,2,1,0,16
58,2,1,2,17
58,2,1,2,18
58,2,1,4,19
58,2,1,5,20
58,2,1,1,21
58,2,1,2,22
58,2,1,4,23
58,2,1,0,24
58,2,1,3,25
58,2,1,1,26
58,2,1,2,27
58,2,1,3,28
58,2,1,1,29
58,2,1,3,30
58,2,1,2,31
58,2,1,3,32
58,2,1,3,33
58,2,1,2,34
58,2,1,1,35
58,2,1,1,36
58,2,1,8,37
58,2,1,1,38
58,2,1,3,39
58,2,1,1,40
58,2,1,2,41
58,2,1,2,42
59,2,1,0,1
59,2,1,4,2
59,2,1,1,3
59,2,1,0,4
59,2,1,4,5
59,2,1,7,6
59,2,1,3,7
59,2,1,5,8
59,2,1,1,9
59,2,1,1,10
59,2,1,2,11
59,2,1,2,12
59,2,1,1,13
59,2,1,2,14
59,2,1,2,15
59,2,1,3,16
59,2,1,2,17
59,2,1,1,18
59,2,1,6,19
59,2,1,0,20
59,2,1,3,21
59,2,1,0,22
59,2,1,1,23
59,2,1,2,24
59,2,1,2,25
59,2,1,3,26
59,2,1,4,27
59,2,1,2,28
59,2,1,1,29
59,2,1,3,30
59,2,1,1,31
59,2,1,1,32
59,2,1,1,33
59,2,1,3,34
59,2,1,1,35
59,2,1,1,36
59,2,1,0,37
59,2,1,1,38
59,2,1,5,39
59,2,1,1,40
59,2,1,0,41
59,2,1,3,42
60,2,1,2,1
60,2,1,2,2
60,2,1,2,3
60,2,1,3,4
60,2,1,2,5
60,2,1,1,6
60,2,1,5,7
60,2,1,1,8
60,2,1,5,9
60,2,1,2,10
60,2,1,6,11
60,2,1,0,12
60,2,1,3,13
60,2,1,1,14
60,2,1,1,15
60,2,1,2,16
60,2,1,0,17
60,2,1,0,18
60,2,1,0,19
60,2,1,0,20
60,2,1,2,21
60,2,1,5,22
60,2,1,1,23
60,2,1,1,24
60,2,1,0,25
60,2,1,2,26
60,2,1,1,27
60,2,1,1,28
60,2,1,1,29
60,2,1,3,30
60,2,1,2,31
60,2,1,1,32
60,2,1,1,33
60,2,1,0,34
60,2,1,1,35
60,2,1,2,36
60,2,1,0,37
60,2,1,5,38
60,2,1,0,39
60,2,1,0,40
60,2,1,8,41
60,2,1,0,42
61,1,1,2,1
61,1,1,5,2
61,1,1,0,3
61,1,1,6,4
61,1,1,1,5
61,1,1,5,6
61,1,1,2,7
61,1,1,1,8
61,1,1,0,9
61,1,1,2,10
61,1,1,4,11
61,1,1,1,12
61,1,1,1,13
61,1,1,2,14
61,1,1,5,15
61,1,1,4,16
61,1,1,2,17
61,1,1,2,18
61,1,1,2,19
61,1,1,3,20
61,1,1,5,21
61,1,1,0,22
61,1,1,2,23
61,1,1,1,24
61,1,1,3,25
61,1,1,2,26
61,1,1,2,27
61,1,1,3,28
61,1,1,0,29
61,1,1,2,30
61,1,1,1,31
61,1,1,1,32
61,1,1,2,33
61,1,1,0,34
61,1,1,1,35
61,1,1,3,36
61,1,1,0,37
61,1,1,2,38
61,1,1,1,39
61,1,1,2,40
61,1,1,2,41
61,1,1,0,42
62,2,1,1,1
62,2,1,1,2
62,2,1,3,3
62,2,1,4,4
62,2,1,3,5
62,2,1,4,6
62,2,1,5,7
62,2,1,2,8
62,2,1,4,9
62,2,1,1,10
62,2,1,1,11
62,2,1,0,12
62,2,1,2,13
62,2,1,3,14
62,2,1,3,15
62,2,1,1,16
62,2,1,2,17
62,2,1,0,18
62,2,1,0,19
62,2,1,1,20
62,2,1,1,21
62,2,1,0,22
62,2,1,1,23
62,2,1,1,24
62,2,1,5,25
62,2,1,2,26
62,2,1,1,27
62,2,1,5,28
62,2,1,5,29
62,2,1,1,30
62,2,1,1,31
62,2,1,1,32
62,2,1,2,33
62,2,1,1,34
62,2,1,0,35
62,2,1,1,36
62,2,1,1,37
62,2,1,2,38
62,2,1,0,39
62,2,1,1,40
62,2,1,3,41
62,2,1,2,42
63,1,1,1,1
63,1,1,5,2
63,1,1,3,3
63,1,1,2,4
63,1,1,3,5
63,1,1,2,6
63,1,1,0,7
63,1,1,5,8
63,1,1,0,9
63,1,1,1,10
63,1,1,3,11
63,1,1,3,12
63,1,1,1,13
63,1,1,1,14
63,1,1,2,15
63,1,1,2,16
63,1,1,0,17
63,1,1,2,18
63,1,1,2,19
63,1,1,4,20
63,1,1,2,21
63,1,1,1,22
63,1,1,1,23
63,1,1,0,24
63,1,1,3,25
63,1,1,2,26
63,1,1,8,27
63,1,1,0,28
63,1,1,1,29
63,1,1,0,30
63,1,1,2,31
63,1,1,1,32
63,1,1,0,33
63,1,1,0,34
63,1,1,2,35
63,1,1,0,36
63,1,1,1,37
63,1,1,2,38
63,1,1,2,39
63,1,1,2,40
63,1,1,1,41
63,1,1,3,42
64,2,1,0,1
64,2,1,9,2
64,2,1,1,3
64,2,1,1,4
64,2,1,1,5
64,2,1,1,6
64,2,1,0,7
64,2,1,1,8
64,2,1,1,9
64,2,1,1,10
64,2,1,2,11
64,2,1,0,12
64,2,1,3,13
64,2,1,6,14
64,2,1,3,15
64,2,1,2,16
64,2,1,3,17
64,2,1,1,18
64,2,1,0,19
64,2,1,2,20
64,2,1,1,21
64,2,1,0,22
64,2,1,0,23
64,2,1,1,24
64,2,1,0,25
64,2,1,0,26
64,2,1,3,27
64,2,1,0,28
64,2,1,5,29
64,2,1,0,30
64,2,1,1,31
64,2,1,4,32
64,2,1,1,33
64,2,1,1,34
64,2,1,2,35
64,2,1,1,36
64,2,1,2,37
64,2,1,4,38
64,2,1,0,39
64,2,1,1,40
64,2,1,0,41
64,2,1,2,42
65,1,1,0,1
65,1,1,3,2
65,1,1,8,3
65,1,1,5,4
65,1,1,5,5
65,1,1,1,6
65,1,1,6,7
65,1,1,1,8
65,1,1,1,9
65,1,1,3,10
65,1,1,5,11
65,1,1,5,12
65,1,1,3,13
65,1,1,1,14
65,1,1,0,15
65,1,1,1,16
65,1,1,1,17
65,1,1,5,18
65,1,1,1,19
65,1,1,2,20
65,1,1,2,21
65,1,1,4,22
65,1,1,6,23
65,1,1,3,24
65,1,1,0,25
65,1,1,1,26
65,1,1,1,27
65,1,1,0,28
65,1,1,0,29
65,1,1,0,30
65,1,1,6,31
65,1,1,2,32
65,1,1,1,33
65,1,1,2,34
65,1,1,0,35
65,1,1,0,36
65,1,1,0,37
65,1,1,0,38
65,1,1,1,39
65,1,1,2,40
65,1,1,2,41
65,1,1,1,42
66,2,1,3,1
66,2,1,4,2
66,2,1,4,3
66,2,1,5,4
66,2,1,1,5
66,2,1,1,6
66,2,1,8,7
66,2,1,0,8
66,2,1,5,9
66,2,1,1,10
66,2,1,4,11
66,2,1,1,12
66,2,1,1,13
66,2,1,3,14
66,2,1,1,15
66,2,1,1,16
66,2,1,3,17
66,2,1,1,18
66,2,1,0,19
66,2,1,1,20
66,2,1,2,21
66,2,1,4,22
66,2,1,2,23
66,2,1,1,24
66,2,1,2,25
66,2,1,5,26
66,2,1,0,27
66,2,1,0,28
66,2,1,2,29
66,2,1,5,30
66,2,1,1,31
66,2,1,2,32
66,2,1,1,33
66,2,1,2,34
66,2,1,4,35
66,2,1,3,36
66,2,1,2,37
66,2,1,3,38
66,2,1,0,39
66,2,1,1,40
66,2,1,4,41
66,2,1,0,42
67,2,1,10,1
67,2,1,6,2
67,2,1,1,3
67,2,1,3,4
67,2,1,5,5
67,2,1,2,6
67,2,1,3,7
67,2,1,2,8
67,2,1,2,9
67,2,1,8,10
67,2,1,1,11
67,2,1,1,12
67,2,1,1,13
67,2,1,1,14
67,2,1,7,15
67,2,1,0,16
67,2,1,3,17
67,2,1,2,18
67,2,1,1,19
67,2,1,3,20
67,2,1,1,21
67,2,1,1,22
67,2,1,1,23
67,2,1,2,24
67,2,1,0,25
67,2,1,0,26
67,2,1,3,27
67,2,1,1,28
67,2,1,3,29
67,2,1,1,30
67,2,1,1,31
67,2,1,2,32
67,2,1,1,33
67,2,1,1,34
67,2,1,1,35
67,2,1,1,36
67,2,1,0,37
67,2,1,1,38
67,2,1,1,39
67,2,1,2,40
67,2,1,0,41
67,2,1,2,42
68,1,1,5,1
68,1,1,1,2
68,1,1,1,3
68,1,1,2,4
68,1,1,3,5
68,1,1,2,6
68,1,1,1,7
68,1,1,5,8
68,1,1,3,9
68,1,1,4,10
68,1,1,3,11
68,1,1,1,12
68,1,1,1,13
68,1,1,1,14
68,1,1,0,15
68,1,1,1,16
68,1,1,0,17
68,1,1,1,18
68,1,1,5,19
68,1,1,5,20
68,1,1,1,21
68,1,1,1,22
68,1,1,6,23
68,1,1,5,24
68,1,1,3,25
68,1,1,1,26
68,1,1,5,27
68,1,1,4,28
68,1,1,4,29
68,1,1,1,30
68,1,1,0,31
68,1,1,1,32
68,1,1,0,33
68,1,1,3,34
68,1,1,3,35
68,1,1,4,36
68,1,1,2,37
68,1,1,2,38
68,1,1,5,39
68,1,1,0,40
68,1,1,2,41
68,1,1,0,42
69,2,1,6,1
69,2,1,3,2
69,2,1,6,3
69,2,1,4,4
69,2,1,1,5
69,2,1,2,6
69,2,1,1,7
69,2,1,3,8
69,2,1,5,9
69,2,1,3,10
69,2,1,3,11
69,2,1,1,12
69,2,1,5,13
69,2,1,1,14
69,2,1,1,15
69,2,1,3,16
69,2,1,8,17
69,2,1,6,18
69,2,1,0,19
69,2,1,2,20
69,2,1,1,21
69,2,1,7,22
69,2,1,4,23
69,2,1,1,24
69,2,1,1,25
69,2,1,1,26
69,2,1,2,27
69,2,1,9,28
69,2,1,4,29
69,2,1,0,30
69,2,1,5,31
69,2,1,0,32
69,2,1,0,33
69,2,1,4,34
69,2,1,4,35
69,2,1,7,36
69,2,1,1,37
69,2,1,1,38
69,2,1,0,39
69,2,1,1,40
69,2,1,1,41
69,2,1,1,42
70,3,1,1,1
70,3,1,6,2
70,3,1,7,3
70,3,1,5,4
70,3,1,2,5
70,3,1,1,6
70,3,1,5,7
70,3,1,1,8
70,3,1,1,9
70,3,1,0,10
70,3,1,4,11
70,3,1,1,12
70,3,1,0,13
70,3,1,2,14
70,3,1,4,15
70,3,1,1,16
70,3,1,2,17
70,3,1,1,18
70,3,1,0,19
70,3,1,3,20
70,3,1,7,21
70,3,1,0,22
70,3,1,1,23
70,3,1,0,24
70,3,1,4,25
70,3,1,2,26
70,3,1,0,27
70,3,1,2,28
70,3,1,1,29
70,3,1,3,30
70,3,1,1,31
70,3,1,0,32
70,3,1,2,33
70,3,1,0,34
70,3,1,0,35
70,3,1,1,36
70,3,1,3,37
70,3,1,2,38
70,3,1,0,39
70,3,1,3,40
70,3,1,0,41
70,3,1,3,42
71,2,1,4,1
71,2,1,6,2
71,2,1,4,3
71,2,1,2,4
71,2,1,1,5
71,2,1,2,6
71,2,1,1,7
71,2,1,1,8
71,2,1,1,9
71,2,1,3,10
71,2,1,0,11
71,2,1,5,12
71,2,1,2,13
71,2,1,4,14
71,2,1,1,15
71,2,1,1,16
71,2,1,2,17
71,2,1,0,18
71,2,1,0,19
71,2,1,2,20
71,2,1,3,21
71,2,1,1,22
71,2,1,1,23
71,2,1,4,24
71,2,1,5,25
71,2,1,0,26
71,2,1,3,27
71,2,1,1,28
71,2,1,3,29
71,2,1,2,30
71,2,1,0,31
71,2,1,5,32
71,2,1,2,33
71,2,1,0,34
71,2,1,5,35
71,2,1,2,36
71,2,1,4,37
71,2,1,2,38
71,2,1,0,39
71,2,1,3,40
71,2,1,2,41
71,2,1,4,42
72,2,1,1,1
72,2,1,3,2
72,2,1,5,3
72,2,1,2,4
72,2,1,1,5
72,2,1,3,6
72,2,1,0,7
72,2,1,6,8
72,2,1,0,9
72,2,1,1,10
72,2,1,4,11
72,2,1,1,12
72,2,1,4,13
72,2,1,3,14
72,2,1,1,15
72,2,1,1,16
72,2,1,0,17
72,2,1,1,18
72,2,1,0,19
72,2,1,1,20
72,2,1,1,21
72,2,1,2,22
72,2,1,2,23
72,2,1,1,24
72,2,1,2,25
72,2,1,3,26
72,2,1,0,27
72,2,1,0,28
72,2,1,1,29
72,2,1,1,30
72,2,1,4,31
72,2,1,1,32
72,2,1,0,33
72,2,1,1,34
72,2,1,1,35
72,2,1,2,36
72,2,1,1,37
72,2,1,1,38
72,2,1,1,39
72,2,1,2,40
72,2,1,4,41
72,2,1,5,42
73,1,1,2,1
73,1,1,5,2
73,1,1,3,3
73,1,1,2,4
73,1,1,1,5
73,1,1,0,6
73,1,1,1,7
73,1,1,1,8
73,1,1,0,9
73,1,1,3,10
73,1,1,3,11
73,1,1,1,12
73,1,1,6,13
73,1,1,1,14
73,1,1,4,15
73,1,1,2,16
73,1,1,0,17
73,1,1,2,18
73,1,1,1,19
73,1,1,3,20
73,1,1,0,21
73,1,1,2,22
73,1,1,2,23
73,1,1,1,24
73,1,1,1,25
73,1,1,3,26
73,1,1,0,27
73,1,1,2,28
73,1,1,2,29
73,1,1,1,30
73,1,1,3,31
73,1,1,0,32
73,1,1,2,33
73,1,1,0,34
73,1,1,1,35
73,1,1,2,36
73,1,1,3,37
73,1,1,4,38
73,1,1,1,39
73,1,1,0,40
73,1,1,3,41
73,1,1,1,42
74,1,1,3,1
74,1,1,3,2
74,1,1,1,3
74,1,1,1,4
74,1,1,2,5
74,1,1,5,6
74,1,1,5,7
74,1,1,4,8
74,1,1,3,9
74,1,1,0,10
74,1,1,3,11
74,1,1,3,12
74,1,1,0,13
74,1,1,2,14
74,1,1,0,15
74,1,1,0,16
74,1,1,0,17
74,1,1,2,18
74,1,1,3,19
74,1,1,1,20
74,1,1,1,21
74,1,1,5,22
74,1,1,6,23
74,1,1,0,24
74,1,1,0,25
74,1,1,4,26
74,1,1,1,27
74,1,1,6,28
74,1,1,1,29
74,1,1,1,30
74,1,1,3,31
74,1,1,4,32
74,1,1,2,33
74,1,1,1,34
74,1,1,4,35
74,1,1,5,36
74,1,1,1,37
74,1,1,1,38
74,1,1,1,39
74,1,1,3,40
74,1,1,0,41
74,1,1,0,42
75,2,1,1,1
75,2,1,4,2
75,2,1,3,3
75,2,1,2,4
75,2,1,2,5
75,2,1,0,6
75,2,1,1,7
75,2,1,4,8
75,2,1,5,9
75,2,1,2,10
75,2,1,5,11
75,2,1,3,12
75,2,1,2,13
75,2,1,1,14
75,2,1,0,15
75,2,1,1,16
75,2,1,7,17
75,2,1,4,18
75,2,1,4,19
75,2,1,1,20
75,2,1,2,21
75,2,1,2,22
75,2,1,2,23
75,2,1,1,24
75,2,1,1,25
75,2,1,1,26
75,2,1,0,27
75,2,1,1,28
75,2,1,0,29
75,2,1,0,30
75,2,1,1,31
75,2,1,4,32
75,2,1,1,33
75,2,1,5,34
75,2,1,1,35
75,2,1,4,36
75,2,1,2,37
75,2,1,5,38
75,2,1,4,39
75,2,1,1,40
75,2,1,1,41
75,2,1,2,42
76,2,1,4,1
76,2,1,2,2
76,2,1,2,3
76,2,1,2,4
76,2,1,4,5
76,2,1,1,6
76,2,1,4,7
76,2,1,5,8
76,2,1,1,9
76,2,1,4,10
76,2,1,2,11
76,2,1,2,12
76,2,1,1,13
76,2,1,2,14
76,2,1,0,15
76,2,1,1,16
76,2,1,1,17
76,2,1,1,18
76,2,1,6,19
76,2,1,0,20
76,2,1,1,21
76,2,1,0,22
76,2,1,2,23
76,2,1,5,24
76,2,1,1,25
76,2,1,1,26
76,2,1,2,27
76,2,1,4,28
76,2,1,0,29
76,2,1,4,30
76,2,1,1,31
76,2,1,1,32
76,2,1,2,33
76,2,1,0,34
76,2,1,3,35
76,2,1,1,36
76,2,1,1,37
76,2,1,3,38
76,2,1,2,39
76,2,1,3,40
76,2,1,2,41
76,2,1,2,42
77,3,1,8,1
77,3,1,1,2
77,3,1,4,3
77,3,1,1,4
77,3,1,2,5
77,3,1,3,6
77,3,1,4,7
77,3,1,1,8
77,3,1,1,9
77,3,1,2,10
77,3,1,1,11
77,3,1,5,12
77,3,1,6,13
77,3,1,5,14
77,3,1,5,15
77,3,1,3,16
77,3,1,3,17
77,3,1,5,18
77,3,1,1,19
77,3,1,3,20
77,3,1,1,21
77,3,1,0,22
77,3,1,2,23
77,3,1,2,24
77,3,1,2,25
77,3,1,0,26
77,3,1,5,27
77,3,1,4,28
77,3,1,1,29
77,3,1,0,30
77,3,1,4,31
77,3,1,3,32
77,3,1,0,33
77,3,1,1,34
77,3,1,1,35
77,3,1,2,36
77,3,1,6,37
77,3,1,3,38
77,3,1,2,39
77,3,1,2,40
77,3,1,1,41
77,3,1,3,42
78,2,1,2,1
78,2,1,1,2
78,2,1,6,3
78,2,1,0,4
78,2,1,3,5
78,2,1,3,6
78,2,1,2,7
78,2,1,2,8
78,2,1,6,9
78,2,1,4,10
78,2,1,1,11
78,2,1,2,12
78,2,1,0,13
78,2,1,1,14
78,2,1,1,15
78,2,1,5,16
78,2,1,5,17
78,2,1,2,18
78,2,1,1,19
78,2,1,2,20
78,2,1,1,21
78,2,1,0,22
78,2,1,3,23
78,2,1,1,24
78,2,1,2,25
78,2,1,4,26
78,2,1,3,27
78,2,1,0,28
78,2,1,1,29
78,2,1,0,30
78,2,1,1,31
78,2,1,1,32
78,2,1,3,33
78,2,1,1,34
78,2,1,0,35
78,2,1,2,36
78,2,1,2,37
78,2,1,4,38
78,2,1,4,39
78,2,1,2,40
78,2,1,1,41
78,2,1,2,42
79,1,1,4,1
79,1,1,7,2
79,1,1,0,3
79,1,1,1,4
79,1,1,3,5
79,1,1,0,6
79,1,1,1,7
79,1,1,2,8
79,1,1,1,9
79,1,1,1,10
79,1,1,0,11
79,1,1,3,12
79,1,1,0,13
79,1,1,2,14
79,1,1,1,15
79,1,1,3,16
79,1,1,0,17
79,1,1,2,18
79,1,1,0,19
79,1,1,1,20
79,1,1,1,21
79,1,1,2,22
79,1,1,0,23
79,1,1,2,24
79,1,1,2,25
79,1,1,2,26
79,1,1,4,27
79,1,1,2,28
79,1,1,3,29
79,1,1,3,30
79,1,1,1,31
79,1,1,2,32
79,1,1,0,33
79,1,1,1,34
79,1,1,1,35
79,1,1,0,36
79,1,1,1,37
79,1,1,1,38
79,1,1,5,39
79,1,1,0,40
79,1,1,2,41
79,1,1,0,42
80,2,1,0,1
80,2,1,7,2
80,2,1,3,3
80,2,1,3,4
80,2,1,3,5
80,2,1,6,6
80,2,1,8,7
80,2,1,1,8
80,2,1,1,9
80,2,1,4,10
80,2,1,1,11
80,2,1,4,12
80,2,1,0,13
80,2,1,5,14
80,2,1,5,15
80,2,1,1,16
80,2,1,8,17
80,2,1,7,18
80,2,1,5,19
80,2,1,1,20
80,2,1,0,21
80,2,1,5,22
80,2,1,0,23
80,2,1,0,24
80,2,1,3,25
80,2,1,1,26
80,2,1,3,27
80,2,1,3,28
80,2,1,6,29
80,2,1,6,30
80,2,1,2,31
80,2,1,0,32
80,2,1,2,33
80,2,1,7,34
80,2,1,7,35
80,2,1,1,36
80,2,1,0,37
80,2,1,4,38
80,2,1,6,39
80,2,1,3,40
80,2,1,4,41
80,2,1,1,42
81,1,1,0,1
81,1,1,4,2
81,1,1,4,3
81,1,1,3,4
81,1,1,3,5
81,1,1,1,6
81,1,1,3,7
81,1,1,2,8
81,1,1,2,9
81,1,1,2,10
81,1,1,8,11
81,1,1,1,12
81,1,1,2,13
81,1,1,0,14
81,1,1,1,15
81,1,1,1,16
81,1,1,0,17
81,1,1,1,18
81,1,1,0,19
81,1,1,1,20
81,1,1,0,21
81,1,1,0,22
81,1,1,1,23
81,1,1,1,24
81,1,1,1,25
81,1,1,0,26
81,1,1,4,27
81,1,1,1,28
81,1,1,2,29
81,1,1,3,30
81,1,1,1,31
81,1,1,0,32
81,1,1,0,33
81,1,1,4,34
81,1,1,2,35
81,1,1,0,36
81,1,1,2,37
81,1,1,2,38
81,1,1,1,39
81,1,1,0,40
81,1,1,1,41
81,1,1,1,42
82,1,1,1,1
82,1,1,5,2
82,1,1,3,3
82,1,1,2,4
82,1,1,5,5
82,1,1,1,6
82,1,1,2,7
82,1,1,2,8
82,1,1,1,9
82,1,1,3,10
82,1,1,2,11
82,1,1,2,12
82,1,1,5,13
82,1,1,0,14
82,1,1,0,15
82,1,1,1,16
82,1,1,7,17
82,1,1,1,18
82,1,1,3,19
82,1,1,1,20
82,1,1,0,21
82,1,1,0,22
82,1,1,3,23
82,1,1,1,24
82,1,1,0,25
82,1,1,3,26
82,1,1,0,27
82,1,1,0,28
82,1,1,2,29
82,1,1,6,30
82,1,1,1,31
82,1,1,6,32
82,1,1,2,33
82,1,1,1,34
82,1,1,2,35
82,1,1,0,36
82,1,1,1,37
82,1,1,1,38
82,1,1,3,39
82,1,1,3,40
82,1,1,2,41
82,1,1,1,42
